,Semester,Days,S1,S2,Pair,Return,Converged,Count day
0,0,33,JCI,1436513D,JCI-1436513D,1.0000339721296883,True,33
1,0,13,JCI,1436513D,JCI-1436513D,1.000067053695677,True,47
2,0,28,JCI,1436513D,JCI-1436513D,1.0000880773032392,True,78
3,0,9,JCI,1436513D,JCI-1436513D,1.0000487634419453,True,87
4,0,17,JCI,1436513D,JCI-1436513D,1.0000517140747271,True,105
5,0,2,JCI,1436513D,JCI-1436513D,1.0000496473936427,True,108
6,0,4,JCI,1436513D,JCI-1436513D,1.0000530726014745,True,116
7,0,2,JCI,1436513D,JCI-1436513D,1.0000530720456642,True,118
8,0,8,JCI,1436513D,JCI-1436513D,1.0000303561700472,True,126
9,0,10,PEG,0961514D,PEG-0961514D,1.0277667832540782,True,23
10,0,15,PEG,0961514D,PEG-0961514D,1.0124723024982716,True,45
11,0,6,PEG,0961514D,PEG-0961514D,1.0190905987796226,True,58
12,0,34,PEG,0961514D,PEG-0961514D,0.9900946246279267,False,127
13,0,12,45200Q,CNP,45200Q-CNP,1.0214987573613943,True,47
14,0,37,45200Q,CNP,45200Q-CNP,1.018000904985745,True,104
15,0,15,CNP,SO,CNP-SO,1.0221179465833494,True,36
16,0,4,CNP,SO,CNP-SO,1.0171369580179683,True,40
17,0,16,CNP,SO,CNP-SO,1.024648462021603,True,58
18,0,25,CNP,SO,CNP-SO,1.01699286958196,True,92
19,0,3,CNP,SO,CNP-SO,1.019876736996286,True,96
20,0,6,CNP,SO,CNP-SO,1.0202179222289454,True,107
21,0,4,CNP,SO,CNP-SO,1.0250250288628284,True,113
22,0,6,CNP,SO,CNP-SO,1.000603274861431,False,127
23,0,34,45200Q,SO,45200Q-SO,1.0290592952836626,True,58
24,0,5,45200Q,SO,45200Q-SO,1.029974670247395,True,95
25,0,2,45200Q,SO,45200Q-SO,1.018558003018284,True,97
26,0,4,45200Q,SO,45200Q-SO,1.026997763078728,True,103
27,0,7,45200Q,SO,45200Q-SO,1.0195238776964461,True,117
28,0,7,45200Q,SO,45200Q-SO,0.9780474309123903,False,127
29,0,18,AEP,CEG,AEP-CEG,1.0305631537204336,True,17
30,0,17,AEP,CEG,AEP-CEG,1.0249149919425156,True,35
31,0,14,AEP,CEG,AEP-CEG,1.0233357722728376,True,49
32,0,36,AEP,CEG,AEP-CEG,1.0340621016543792,True,91
33,0,28,AEP,CEG,AEP-CEG,1.0218612723935234,True,119
34,0,89,PCG,SO,PCG-SO,1.037764335584282,True,117
35,0,45,D,TXU,D-TXU,1.0716195606298011,True,44
36,0,29,D,TXU,D-TXU,0.95,False,78
37,0,10,ED,PEG,ED-PEG,1.0245400095974455,True,9
38,0,6,ED,PEG,ED-PEG,1.0294678431745534,True,30
39,0,3,ED,PEG,ED-PEG,1.0246459103553531,True,51
40,0,21,ED,PEG,ED-PEG,1.031393280565052,True,74
41,0,24,ED,PEG,ED-PEG,0.9719109641807114,False,127
42,0,11,ED,0961514D,ED-0961514D,1.0173608354768953,True,45
43,0,4,ED,0961514D,ED-0961514D,1.0253786397207891,True,63
44,0,8,ED,0961514D,ED-0961514D,1.022655380398201,False,127
45,1,6,JCI,1436513D,JCI-1436513D,1.0000786378508644,True,132
46,1,32,JCI,1436513D,JCI-1436513D,1.0000616724447267,True,166
47,1,15,JCI,1436513D,JCI-1436513D,1.000032219174004,True,181
48,1,63,JCI,1436513D,JCI-1436513D,1.000035465152786,True,244
49,1,7,JCI,1436513D,JCI-1436513D,0.9999536509536028,False,252
50,1,14,EIX,NEE,EIX-NEE,0.95,False,146
51,1,1,EIX,NEE,EIX-NEE,0.95,False,252
52,1,5,CEG,NEE,CEG-NEE,1.0207794972501811,True,142
53,1,2,CEG,NEE,CEG-NEE,1.0185252305834318,True,145
54,1,2,CEG,NEE,CEG-NEE,1.0194295952967976,True,150
55,1,17,CEG,NEE,CEG-NEE,1.0266101966863068,True,169
56,1,47,CEG,NEE,CEG-NEE,1.0364685624452616,True,222
57,1,2,CEG,NEE,CEG-NEE,1.020366247497053,True,225
58,1,2,45200Q,D,45200Q-D,1.0145333315078247,True,134
59,1,10,45200Q,D,45200Q-D,1.0154078363796462,True,164
60,1,13,45200Q,D,45200Q-D,1.0295603351155869,True,181
61,1,4,45200Q,D,45200Q-D,1.028788995911506,True,188
62,1,5,45200Q,D,45200Q-D,1.033005534117734,True,195
63,1,3,45200Q,D,45200Q-D,1.0223404820215793,True,202
64,1,4,45200Q,D,45200Q-D,1.020531799566754,True,220
65,1,14,45200Q,D,45200Q-D,1.0132881715010211,True,234
66,1,4,45200Q,D,45200Q-D,1.015568296359257,True,243
67,1,5,45200Q,D,45200Q-D,1.007537718447571,False,252
68,1,29,45200Q,DTE,45200Q-DTE,0.95,False,172
69,1,15,45200Q,DTE,45200Q-DTE,0.95,False,226
70,1,3,D,DTE,D-DTE,1.0225485629516873,True,139
71,1,54,D,DTE,D-DTE,1.0184234396957084,True,196
72,1,16,D,DTE,D-DTE,0.95,False,234
73,1,15,PEG,0961514D,PEG-0961514D,0.95,False,160
74,1,35,CNP,TXU,CNP-TXU,1.017760864105916,True,161
75,1,12,CNP,TXU,CNP-TXU,0.95,False,174
76,1,46,EIX,CEG,EIX-CEG,1.0269105562196281,True,178
77,1,16,EIX,CEG,EIX-CEG,1.0218779991299585,True,213
78,1,19,EIX,CEG,EIX-CEG,1.0280713778025623,True,239
79,1,1,EIX,CEG,EIX-CEG,1.0280713778025623,False,252
80,1,12,PPW,0961514D,PPW-0961514D,0.95,False,156
81,1,3,PPW,0961514D,PPW-0961514D,0.9862238210581822,False,252
82,2,3,JCI,1436513D,JCI-1436513D,1.0000724187309529,True,254
83,2,2,JCI,1436513D,JCI-1436513D,1.0000649953668557,True,256
84,2,2,JCI,1436513D,JCI-1436513D,1.0000502244192881,True,259
85,2,2,JCI,1436513D,JCI-1436513D,1.0000836334106096,True,261
86,2,3,JCI,1436513D,JCI-1436513D,1.0000359944998127,True,266
87,2,2,JCI,1436513D,JCI-1436513D,1.0000290025927048,True,270
88,2,2,JCI,1436513D,JCI-1436513D,1.000031882020646,True,272
89,2,2,JCI,1436513D,JCI-1436513D,1.0000510805622753,True,278
90,2,2,JCI,1436513D,JCI-1436513D,1.0000341439329694,True,281
91,2,3,JCI,1436513D,JCI-1436513D,1.0000490757248175,True,290
92,2,2,JCI,1436513D,JCI-1436513D,1.0000354358552936,True,300
93,2,9,JCI,1436513D,JCI-1436513D,1.000050387145247,True,314
94,2,2,JCI,1436513D,JCI-1436513D,1.0000459263569839,True,325
95,2,2,JCI,1436513D,JCI-1436513D,1.0000304166746086,True,329
96,2,2,JCI,1436513D,JCI-1436513D,1.0000150613689591,True,348
97,2,2,JCI,1436513D,JCI-1436513D,1.0000468222571,True,353
98,2,4,JCI,1436513D,JCI-1436513D,1.0000469152395184,True,358
99,2,4,JCI,1436513D,JCI-1436513D,1.0000516853295354,True,362
100,2,4,JCI,1436513D,JCI-1436513D,1.000031276665597,True,366
101,2,5,AEP,NEE,AEP-NEE,1.0277912067532593,True,270
102,2,27,AEP,NEE,AEP-NEE,1.0083019410351672,True,299
103,2,14,AEP,NEE,AEP-NEE,1.0198656422914472,True,319
104,2,4,AEP,NEE,AEP-NEE,1.0151340390936856,True,323
105,2,16,AEP,NEE,AEP-NEE,1.0282254630845424,True,340
106,2,38,AEP,NEE,AEP-NEE,1.0153961981795134,False,379
107,2,27,3054Q,210967Q,3054Q-210967Q,1.026110468860437,True,287
108,2,6,3054Q,210967Q,3054Q-210967Q,1.021398632167979,True,317
109,2,19,3054Q,210967Q,3054Q-210967Q,1.0145953463434805,True,341
110,2,5,3054Q,210967Q,3054Q-210967Q,1.0146861961851734,True,349
111,2,13,3054Q,210967Q,3054Q-210967Q,0.983313278616587,False,379
112,2,7,USW,BLS,USW-BLS,1.0157204350199427,True,263
113,2,3,USW,BLS,USW-BLS,1.024835107805326,True,269
114,2,17,USW,BLS,USW-BLS,1.0255495648034219,True,297
115,2,8,USW,BLS,USW-BLS,1.0150809698113379,True,307
116,2,8,USW,BLS,USW-BLS,1.015020732443394,True,317
117,2,5,USW,BLS,USW-BLS,1.031525863608941,True,326
118,2,13,USW,BLS,USW-BLS,1.0179729058363483,True,341
119,2,11,USW,BLS,USW-BLS,1.026739726456546,True,366
120,2,3,USW,BLS,USW-BLS,1.0236107235600813,True,377
121,2,7,BLS,693365Q,BLS-693365Q,0.95,False,258
122,2,3,BLS,693365Q,BLS-693365Q,1.0230261584550642,True,353
123,2,50,USW,693365Q,USW-693365Q,1.047335351471336,True,301
124,2,2,USW,693365Q,USW-693365Q,1.0323538063919648,True,306
125,2,22,USW,693365Q,USW-693365Q,1.0443635470103994,True,347
126,2,15,USW,693365Q,USW-693365Q,1.028045179203717,True,364
127,2,5,BLS,3054Q,BLS-3054Q,1.0320829351021998,True,256
128,2,19,BLS,3054Q,BLS-3054Q,1.0506180945271828,True,283
129,2,5,BLS,3054Q,BLS-3054Q,1.0131135386491452,True,299
130,2,20,BLS,3054Q,BLS-3054Q,1.031037182454719,True,321
131,2,4,BLS,3054Q,BLS-3054Q,1.0202890400505635,True,329
132,2,14,BLS,3054Q,BLS-3054Q,0.95,False,353
133,2,51,NEE,TXU,NEE-TXU,1.009941026149142,True,334
134,2,41,NEE,TXU,NEE-TXU,0.9805606886558387,False,379
135,2,13,45200Q,DUK,45200Q-DUK,1.0370578344116894,True,264
136,2,7,45200Q,DUK,45200Q-DUK,1.021376899446145,True,277
137,2,5,45200Q,DUK,45200Q-DUK,1.017917157871535,True,362
138,2,3,45200Q,DUK,45200Q-DUK,1.0350735725476612,True,373
139,2,79,XEL,ETR,XEL-ETR,0.95,False,330
140,3,23,JCI,1436513D,JCI-1436513D,1.0000264531221588,True,401
141,3,8,JCI,1436513D,JCI-1436513D,1.000037608122989,True,410
142,3,12,JCI,1436513D,JCI-1436513D,1.0000212590116202,True,423
143,3,3,JCI,1436513D,JCI-1436513D,1.0000528801745152,True,426
144,3,2,JCI,1436513D,JCI-1436513D,1.0000263766634563,True,430
145,3,33,JCI,1436513D,JCI-1436513D,1.000026372101807,True,463
146,3,2,JCI,1436513D,JCI-1436513D,1.0000448925235228,True,472
147,3,9,JCI,1436513D,JCI-1436513D,1.0000487664153366,True,481
148,3,3,JCI,1436513D,JCI-1436513D,1.0000496889407868,True,484
149,3,3,JCI,1436513D,JCI-1436513D,1.0000289431281861,True,488
150,3,10,JCI,1436513D,JCI-1436513D,1.0000215884116201,True,498
151,3,2,JCI,1436513D,JCI-1436513D,1.0000222044617333,True,500
152,3,1,JCI,1436513D,JCI-1436513D,1.0000222044617333,False,502
153,3,9,XEL,TXU,XEL-TXU,1.0202024594145083,True,387
154,3,29,XEL,TXU,XEL-TXU,1.027328807423356,True,424
155,3,32,XEL,TXU,XEL-TXU,0.95,False,470
156,3,4,XEL,NEE,XEL-NEE,1.0210884904627482,True,421
157,3,42,XEL,NEE,XEL-NEE,1.0138398607071508,True,466
158,3,4,XEL,NEE,XEL-NEE,1.0189711359563618,True,473
159,3,4,XEL,NEE,XEL-NEE,1.0141269496459848,True,480
160,3,2,D,DUK,D-DUK,1.0172405966571945,True,382
161,3,21,D,DUK,D-DUK,1.0139618703632276,True,409
162,3,8,D,DUK,D-DUK,1.0167197278693105,True,419
163,3,30,D,DUK,D-DUK,1.0135447167706535,True,449
164,3,30,D,DUK,D-DUK,1.0145661021567096,True,480
165,3,3,D,DUK,D-DUK,1.022389621112843,True,487
166,3,7,D,DUK,D-DUK,0.9894608020569944,False,502
167,3,47,CEG,NEE,CEG-NEE,0.95,False,434
168,3,7,USW,BLS,USW-BLS,1.0257992640619353,True,396
169,3,11,USW,BLS,USW-BLS,1.0302192339262441,True,418
170,3,2,USW,BLS,USW-BLS,1.0165647167461118,True,423
171,3,30,USW,BLS,USW-BLS,0.95,False,454
172,3,5,USW,571300Q,USW-571300Q,1.0214085737702712,True,402
173,3,3,USW,571300Q,USW-571300Q,1.022865243130441,True,410
174,3,2,USW,571300Q,USW-571300Q,1.036498808753055,True,412
175,3,10,USW,571300Q,USW-571300Q,1.0295794887729606,True,422
176,3,25,USW,571300Q,USW-571300Q,0.95,False,450
177,3,109,XEL,CEG,XEL-CEG,0.95,False,501
178,3,16,D,CNP,D-CNP,1.0358417722605282,True,396
179,3,51,D,CNP,D-CNP,0.95,False,469
180,3,25,1005945D,ETR,1005945D-ETR,1.033699730615233,True,408
181,3,2,1005945D,ETR,1005945D-ETR,1.0170822422761958,True,411
182,3,4,1005945D,ETR,1005945D-ETR,1.020573754006148,True,418
183,3,5,1005945D,ETR,1005945D-ETR,1.030203407305515,True,451
184,3,4,1005945D,ETR,1005945D-ETR,1.0256588362461279,True,456
185,3,4,1005945D,ETR,1005945D-ETR,1.0184903864168802,True,470
186,4,62,JCI,1436513D,JCI-1436513D,1.0000454765027456,True,563
187,4,4,JCI,1436513D,JCI-1436513D,1.0000171072158277,True,567
188,4,8,JCI,1436513D,JCI-1436513D,1.000032708067888,True,575
189,4,21,JCI,1436513D,JCI-1436513D,1.0000467111259639,True,596
190,4,4,JCI,1436513D,JCI-1436513D,1.0000475650733385,True,600
191,4,27,JCI,1436513D,JCI-1436513D,0.9999936761085368,False,629
192,4,25,D,DUK,D-DUK,1.018898788221825,True,551
193,4,36,D,DUK,D-DUK,1.019197174891589,True,593
194,4,10,D,DUK,D-DUK,1.0121498974381786,True,607
195,4,5,D,DUK,D-DUK,1.014272964459591,True,612
196,4,7,D,DUK,D-DUK,1.0147380704977131,False,629
197,4,2,45200Q,CEG,45200Q-CEG,1.021019163069948,True,518
198,4,2,45200Q,CEG,45200Q-CEG,1.017092660327345,True,526
199,4,20,45200Q,CEG,45200Q-CEG,1.0149750564202398,True,553
200,4,57,45200Q,CEG,45200Q-CEG,0.95,False,615
201,4,75,45200Q,AEP,45200Q-AEP,0.95,False,576
202,4,23,AEP,D,AEP-D,1.0206494005927556,True,551
203,4,67,AEP,D,AEP-D,1.0180919042625138,True,622
204,4,52,CEG,D,CEG-D,0.95,False,555
205,4,41,AEP,CEG,AEP-CEG,1.02784084426935,True,542
206,4,19,AEP,CEG,AEP-CEG,1.015777980960064,True,565
207,4,61,AEP,CEG,AEP-CEG,0.9911356066180026,False,629
208,4,57,CEG,DTE,CEG-DTE,0.95,False,558
209,4,34,CEG,DUK,CEG-DUK,1.0314376196336024,True,541
210,4,45,CEG,DUK,CEG-DUK,0.95,False,590
211,4,118,45200Q,DTE,45200Q-DTE,0.95,False,619
212,5,2,JCI,1436513D,JCI-1436513D,1.0000389360532294,True,633
213,5,2,JCI,1436513D,JCI-1436513D,1.0000366658647193,True,637
214,5,4,JCI,1436513D,JCI-1436513D,1.0000297561051106,True,642
215,5,3,JCI,1436513D,JCI-1436513D,1.0000229541626338,True,648
216,5,2,JCI,1436513D,JCI-1436513D,1.000038912474005,True,660
217,5,2,JCI,1436513D,JCI-1436513D,1.0000242472633623,True,664
218,5,4,JCI,1436513D,JCI-1436513D,1.000036524533496,True,688
219,5,2,JCI,1436513D,JCI-1436513D,1.0000397992577523,True,692
220,5,2,JCI,1436513D,JCI-1436513D,1.0000270881579962,True,696
221,5,3,JCI,1436513D,JCI-1436513D,1.0000372627764045,True,709
222,5,2,JCI,1436513D,JCI-1436513D,1.000023183141697,True,713
223,5,4,JCI,1436513D,JCI-1436513D,1.0000331013198966,True,745
224,5,3,JCI,1436513D,JCI-1436513D,1.000015746067662,False,753
225,5,27,1005945D,XEL,1005945D-XEL,0.95,False,659
226,5,26,45200Q,PEG,45200Q-PEG,0.95,False,679
227,5,5,NEE,PCG,NEE-PCG,1.026704863603175,True,636
228,5,30,NEE,PCG,NEE-PCG,0.95,False,704
229,5,17,PEG,TXU,PEG-TXU,0.95,False,647
230,5,3,DUK,SO,DUK-SO,1.0206585231297374,True,638
231,5,19,DUK,SO,DUK-SO,1.0265156644923585,True,679
232,5,24,DUK,SO,DUK-SO,1.0324194709871508,True,719
233,5,3,DUK,SO,DUK-SO,1.0392981973872892,True,723
234,5,12,AEP,SO,AEP-SO,1.0373525155217511,True,646
235,5,6,AEP,SO,AEP-SO,1.0197992725984955,True,657
236,5,62,AEP,SO,AEP-SO,0.95,False,720
237,5,2,AEP,D,AEP-D,1.0191365161954888,True,651
238,5,37,AEP,D,AEP-D,0.95,False,713
239,5,30,45200Q,ED,45200Q-ED,1.041889413689317,True,658
240,5,6,45200Q,ED,45200Q-ED,0.95,False,679
241,5,33,D,DUK,D-DUK,1.011071662394259,True,662
242,5,46,D,DUK,D-DUK,1.022809438863694,True,733
243,5,7,D,DUK,D-DUK,0.9769883930028812,False,753
244,6,4,JCI,1436513D,JCI-1436513D,1.0000151254117782,True,756
245,6,2,JCI,1436513D,JCI-1436513D,1.0000297026758829,True,762
246,6,2,JCI,1436513D,JCI-1436513D,1.000022373276103,True,769
247,6,2,JCI,1436513D,JCI-1436513D,1.0000282676560812,True,772
248,6,4,JCI,1436513D,JCI-1436513D,1.0000263407472838,True,777
249,6,9,JCI,1436513D,JCI-1436513D,1.000014762036684,True,789
250,6,2,JCI,1436513D,JCI-1436513D,1.0000220990036226,True,792
251,6,4,JCI,1436513D,JCI-1436513D,1.0000433405912115,True,796
252,6,2,JCI,1436513D,JCI-1436513D,1.000050363185273,True,799
253,6,8,JCI,1436513D,JCI-1436513D,1.000014680268547,True,807
254,6,4,JCI,1436513D,JCI-1436513D,1.0000373223208057,True,813
255,6,6,JCI,1436513D,JCI-1436513D,1.0000349474452117,True,822
256,6,2,JCI,1436513D,JCI-1436513D,1.0000548515931662,True,832
257,6,3,JCI,1436513D,JCI-1436513D,1.0000240272635892,True,847
258,6,6,JCI,1436513D,JCI-1436513D,1.000057339491199,True,857
259,6,2,JCI,1436513D,JCI-1436513D,1.0000398309445857,True,860
260,6,2,JCI,1436513D,JCI-1436513D,1.0000167232843153,True,864
261,6,3,JCI,1436513D,JCI-1436513D,1.0000216426944113,True,877
262,6,18,MMM,WYE,MMM-WYE,0.95,False,777
263,6,7,MMM,WYE,MMM-WYE,1.0189119183827842,True,832
264,6,19,MMM,WYE,MMM-WYE,0.95,False,858
265,6,8,ED,PEG,ED-PEG,0.95,False,801
266,6,16,GPC,2218Q,GPC-2218Q,0.95,False,775
267,6,13,GPC,2218Q,GPC-2218Q,0.9875413886598609,False,879
268,6,95,1005945D,45200Q,1005945D-45200Q,0.95,False,847
269,6,18,D,UCM,D-UCM,1.0382173253273632,True,783
270,6,4,D,UCM,D-UCM,1.0345368963720734,True,804
271,6,21,D,UCM,D-UCM,0.95,False,831
272,6,5,D,UCM,D-UCM,1.0342106643314088,True,849
273,6,10,D,UCM,D-UCM,0.9734075414989319,False,879
274,6,7,SLB,300583Q,SLB-300583Q,1.0384920389401617,True,759
275,6,3,SLB,300583Q,SLB-300583Q,1.028338298611699,True,762
276,6,3,SLB,300583Q,SLB-300583Q,1.02550241689832,True,772
277,6,39,SLB,300583Q,SLB-300583Q,1.0186477866613488,True,819
278,6,28,SLB,300583Q,SLB-300583Q,0.95,False,854
279,6,12,USW,571300Q,USW-571300Q,1.0498160867124957,True,764
280,6,10,USW,571300Q,USW-571300Q,1.0214539708017052,True,786
281,6,7,USW,571300Q,USW-571300Q,1.0314153740620042,True,796
282,6,21,USW,571300Q,USW-571300Q,0.95,False,848
283,6,35,PEG,UEP,PEG-UEP,0.95,False,799
284,6,49,PPW,SO,PPW-SO,1.0218963665655554,True,804
285,6,19,PPW,SO,PPW-SO,1.0427073107519789,True,826
286,6,9,PPW,SO,PPW-SO,1.0267807631656605,True,845
287,6,4,PPW,SO,PPW-SO,1.0264863690587944,True,852
288,6,4,PPW,SO,PPW-SO,1.0247684306853544,True,857
289,6,18,PPW,SO,PPW-SO,1.0137666104708873,False,879
290,7,3,JCI,1436513D,JCI-1436513D,1.000036136049507,True,881
291,7,2,JCI,1436513D,JCI-1436513D,1.0000214894525548,True,886
292,7,11,JCI,1436513D,JCI-1436513D,1.0000340381729307,True,897
293,7,6,JCI,1436513D,JCI-1436513D,1.000033959378224,True,906
294,7,6,JCI,1436513D,JCI-1436513D,1.0000197670739701,True,912
295,7,4,JCI,1436513D,JCI-1436513D,1.0000328834374357,True,916
296,7,3,JCI,1436513D,JCI-1436513D,1.0000481678173578,True,921
297,7,2,JCI,1436513D,JCI-1436513D,1.000021364931679,True,927
298,7,6,JCI,1436513D,JCI-1436513D,1.0000533420780862,True,935
299,7,8,JCI,1436513D,JCI-1436513D,1.0000350074435462,True,947
300,7,2,JCI,1436513D,JCI-1436513D,1.0000391794894965,True,950
301,7,2,JCI,1436513D,JCI-1436513D,1.000023835716905,True,955
302,7,2,JCI,1436513D,JCI-1436513D,1.0000434912362135,True,957
303,7,4,JCI,1436513D,JCI-1436513D,1.0000457489721553,True,962
304,7,3,JCI,1436513D,JCI-1436513D,1.0000229602004302,True,965
305,7,2,JCI,1436513D,JCI-1436513D,1.0000408476610883,True,970
306,7,3,JCI,1436513D,JCI-1436513D,1.0000134275240307,True,975
307,7,6,JCI,1436513D,JCI-1436513D,1.0000232265332711,True,985
308,7,4,JCI,1436513D,JCI-1436513D,1.0000207478089773,True,996
309,7,4,JCI,1436513D,JCI-1436513D,1.0000207907953802,True,1001
310,7,8,0961514D,UEP,0961514D-UEP,1.0177475263549374,True,899
311,7,20,0961514D,UEP,0961514D-UEP,1.0291369534156058,True,931
312,7,31,0961514D,UEP,0961514D-UEP,0.95,False,984
313,7,4,AEP,NEE,AEP-NEE,1.0256222295602557,True,886
314,7,20,AEP,NEE,AEP-NEE,0.95,False,948
315,7,31,PCH,CNRG,PCH-CNRG,0.95,False,913
316,7,12,PCH,CNRG,PCH-CNRG,1.044057728294412,True,979
317,7,19,PCH,CNRG,PCH-CNRG,0.9974711354250575,False,1004
318,7,5,DTE,UEP,DTE-UEP,1.0308000398818173,True,915
319,7,51,DTE,UEP,DTE-UEP,0.95,False,984
320,7,33,DUK,UEP,DUK-UEP,1.0232377489214584,True,933
321,7,4,DUK,UEP,DUK-UEP,1.022855694212462,True,942
322,7,21,SO,DTE,SO-DTE,1.0279016230995537,True,929
323,7,5,SO,DTE,SO-DTE,1.0384448762523688,True,949
324,7,12,SO,DTE,SO-DTE,1.0235650820241091,True,971
325,7,2,SO,DTE,SO-DTE,1.0347419525698471,True,985
326,7,4,3277Q,TXT,3277Q-TXT,1.0221721238684496,True,900
327,7,5,3277Q,TXT,3277Q-TXT,1.0291816609417401,True,908
328,7,25,3277Q,TXT,3277Q-TXT,1.05001562105975,True,950
329,7,5,3277Q,TXT,3277Q-TXT,1.0189862763674757,True,987
330,7,13,3277Q,TXT,3277Q-TXT,0.9970024072001027,False,1004
331,7,2,ECL,2972Q,ECL-2972Q,1.0404513454766071,True,880
332,7,9,ECL,2972Q,ECL-2972Q,1.0614870733077155,True,891
333,7,3,ECL,2972Q,ECL-2972Q,1.0228899217240313,True,899
334,7,4,ECL,2972Q,ECL-2972Q,1.0261356665745662,True,913
335,7,4,ECL,2972Q,ECL-2972Q,1.0522136761185052,True,917
336,7,2,ECL,2972Q,ECL-2972Q,1.0332586310494982,True,924
337,7,20,ECL,2972Q,ECL-2972Q,1.0233666797211676,True,970
338,7,17,ECL,2972Q,ECL-2972Q,1.0330223407432313,True,1002
339,8,3,JCI,1436513D,JCI-1436513D,1.0000315443298635,True,1007
340,8,7,JCI,1436513D,JCI-1436513D,1.0000425046790786,True,1016
341,8,2,JCI,1436513D,JCI-1436513D,1.0000203850402285,True,1019
342,8,8,JCI,1436513D,JCI-1436513D,1.0000294721731624,True,1030
343,8,3,JCI,1436513D,JCI-1436513D,1.0000266009767573,True,1034
344,8,3,JCI,1436513D,JCI-1436513D,1.0000201719315018,True,1039
345,8,2,JCI,1436513D,JCI-1436513D,1.0000197908416013,True,1041
346,8,2,JCI,1436513D,JCI-1436513D,1.0000263514196006,True,1043
347,8,3,JCI,1436513D,JCI-1436513D,1.0000193929625942,True,1046
348,8,2,JCI,1436513D,JCI-1436513D,1.0000153006396804,True,1053
349,8,4,JCI,1436513D,JCI-1436513D,1.000022655194849,True,1062
350,8,2,JCI,1436513D,JCI-1436513D,1.000019962472799,True,1066
351,8,4,JCI,1436513D,JCI-1436513D,1.000018214090901,True,1070
352,8,2,JCI,1436513D,JCI-1436513D,1.0000268117247404,True,1078
353,8,5,JCI,1436513D,JCI-1436513D,1.0000226283483205,True,1088
354,8,10,JCI,1436513D,JCI-1436513D,1.0000199355053474,True,1099
355,8,2,JCI,1436513D,JCI-1436513D,1.000022863257908,True,1106
356,8,2,JCI,1436513D,JCI-1436513D,1.0000236655516086,True,1114
357,8,6,JCI,1436513D,JCI-1436513D,1.0000265611065136,True,1128
358,8,10,2196Q,2638Q,2196Q-2638Q,0.95,False,1018
359,8,11,2196Q,2638Q,2196Q-2638Q,1.0437814834186594,True,1078
360,8,3,2196Q,2638Q,2196Q-2638Q,1.0565458596576145,True,1097
361,8,4,2196Q,2638Q,2196Q-2638Q,1.0411809094235074,True,1103
362,8,20,2196Q,2638Q,2196Q-2638Q,0.9946876272924773,False,1129
363,8,46,XEL,DUK,XEL-DUK,0.95,False,1052
364,8,75,1005945D,45200Q,1005945D-45200Q,1.021929306880381,True,1084
365,8,4,1005945D,45200Q,1005945D-45200Q,1.0303089395729197,True,1094
366,8,4,1005945D,45200Q,1005945D-45200Q,1.0256435193744837,True,1114
367,8,7,GIS,ADP,GIS-ADP,1.052741137831676,True,1020
368,8,7,GIS,ADP,GIS-ADP,1.0206546750285435,True,1031
369,8,4,GIS,ADP,GIS-ADP,1.0210639656490288,True,1039
370,8,16,GIS,ADP,GIS-ADP,1.0343423242107248,True,1062
371,8,2,GIS,ADP,GIS-ADP,1.0230824814645414,True,1064
372,8,3,GIS,ADP,GIS-ADP,1.021964974278275,True,1070
373,8,3,GIS,ADP,GIS-ADP,1.0231575335100287,True,1074
374,8,6,GIS,ADP,GIS-ADP,0.95,False,1100
375,8,3,GIS,ADP,GIS-ADP,1.048063980431442,True,1123
376,8,4,300583Q,41018Q,300583Q-41018Q,1.0270479622790205,True,1010
377,8,15,300583Q,41018Q,300583Q-41018Q,0.95,False,1033
378,8,36,SLB,BHI,SLB-BHI,1.0420472659006357,True,1039
379,8,25,SLB,BHI,SLB-BHI,0.95,False,1071
380,8,4,SLB,BHI,SLB-BHI,1.01781068427491,True,1123
381,8,4,SLB,BHI,SLB-BHI,1.0256972655564778,False,1129
382,8,12,329556Q,210967Q,329556Q-210967Q,1.038918006157765,True,1015
383,8,2,329556Q,210967Q,329556Q-210967Q,1.0434763583456175,True,1024
384,8,23,329556Q,210967Q,329556Q-210967Q,0.95,False,1050
385,8,6,329556Q,210967Q,329556Q-210967Q,0.95,False,1122
386,9,6,JCI,1436513D,JCI-1436513D,1.0000176757325259,True,1134
387,9,46,JCI,1436513D,JCI-1436513D,1.0000275372136516,True,1181
388,9,20,JCI,1436513D,JCI-1436513D,1.0000200682849134,True,1202
389,9,3,JCI,1436513D,JCI-1436513D,1.0000275731532782,True,1205
390,9,8,JCI,1436513D,JCI-1436513D,1.0000220459949478,True,1213
391,9,2,JCI,1436513D,JCI-1436513D,1.0000393415064102,True,1215
392,9,2,JCI,1436513D,JCI-1436513D,1.0000272361309013,True,1218
393,9,3,JCI,1436513D,JCI-1436513D,1.0000119713515827,True,1221
394,9,32,JCI,1436513D,JCI-1436513D,0.9999886747096167,False,1254
395,9,54,D,UEP,D-UEP,1.0197652625150573,True,1184
396,9,38,D,UEP,D-UEP,1.0360266378058278,True,1226
397,9,23,D,UEP,D-UEP,0.9998911904391496,False,1254
398,9,29,DUK,SO,DUK-SO,0.95,False,1178
399,9,30,45200Q,EXC,45200Q-EXC,1.0483250816666727,True,1165
400,9,13,45200Q,EXC,45200Q-EXC,0.95,False,1178
401,9,7,AEP,TXU,AEP-TXU,1.0425265284891276,True,1135
402,9,33,AEP,TXU,AEP-TXU,1.0183570184107562,True,1175
403,9,3,AEP,TXU,AEP-TXU,1.023597106701981,True,1190
404,9,3,AEP,TXU,AEP-TXU,1.0312183521677605,True,1198
405,9,18,AEP,TXU,AEP-TXU,1.0180193633037105,True,1243
406,9,4,AEP,TXU,AEP-TXU,1.0064144307383331,False,1254
407,9,34,ED,EXC,ED-EXC,0.95,False,1166
408,9,16,DUK,TXU,DUK-TXU,1.0574889815622952,True,1144
409,9,21,DUK,TXU,DUK-TXU,1.0185031061982934,True,1173
410,9,2,DUK,TXU,DUK-TXU,1.0163534794423594,True,1187
411,9,8,DUK,TXU,DUK-TXU,1.0185855392095757,True,1216
412,9,26,AEP,DUK,AEP-DUK,1.0269750141440668,True,1155
413,9,17,AEP,DUK,AEP-DUK,1.032725685679218,True,1178
414,9,12,AEP,DUK,AEP-DUK,1.0139365384532444,True,1197
415,9,6,AEP,DUK,AEP-DUK,1.031251110311892,True,1212
416,9,8,AEP,DUK,AEP-DUK,1.0162797899052505,True,1237
417,9,10,AEP,DUK,AEP-DUK,1.0148685016002967,False,1254
418,9,8,XEL,PPW,XEL-PPW,1.029401233987138,True,1136
419,9,4,XEL,PPW,XEL-PPW,1.027690035031062,True,1159
420,9,5,XEL,PPW,XEL-PPW,1.0256611419853132,True,1197
421,9,4,XEL,PPW,XEL-PPW,1.027324864122641,True,1203
422,9,20,XEL,PPW,XEL-PPW,1.0262119348223602,True,1228
423,9,9,XEL,PPW,XEL-PPW,0.95,False,1241
424,9,23,EXC,SO,EXC-SO,0.95,False,1187
425,10,2,JCI,1436513D,JCI-1436513D,1.0000287947055195,True,1259
426,10,2,JCI,1436513D,JCI-1436513D,1.0000135726761499,True,1284
427,10,2,JCI,1436513D,JCI-1436513D,1.0000127766846163,True,1286
428,10,2,JCI,1436513D,JCI-1436513D,1.000009368208049,True,1292
429,10,2,JCI,1436513D,JCI-1436513D,1.0000119136821344,True,1302
430,10,4,JCI,1436513D,JCI-1436513D,1.0000211279443476,True,1308
431,10,2,JCI,1436513D,JCI-1436513D,1.0000113370659616,True,1313
432,10,2,JCI,1436513D,JCI-1436513D,1.0000219158896781,True,1315
433,10,2,JCI,1436513D,JCI-1436513D,1.0000229696940648,True,1318
434,10,6,JCI,1436513D,JCI-1436513D,1.0000229698161314,True,1325
435,10,2,JCI,1436513D,JCI-1436513D,1.0000240345070042,True,1327
436,10,6,JCI,1436513D,JCI-1436513D,1.0000318358245017,True,1336
437,10,4,JCI,1436513D,JCI-1436513D,1.0000145150348396,True,1365
438,10,13,XOM,3891289Q,XOM-3891289Q,1.0424405902891407,True,1266
439,10,7,XOM,3891289Q,XOM-3891289Q,1.0271842334469463,True,1277
440,10,5,XOM,3891289Q,XOM-3891289Q,1.021316700494446,True,1297
441,10,2,XOM,3891289Q,XOM-3891289Q,1.017131724342845,True,1321
442,10,34,XOM,3891289Q,XOM-3891289Q,0.95,False,1368
443,10,9,NEE,CIN,NEE-CIN,1.027328167331128,True,1262
444,10,7,NEE,CIN,NEE-CIN,1.0266417072677874,True,1271
445,10,20,NEE,CIN,NEE-CIN,0.95,False,1319
446,10,11,375573Q,MWI,375573Q-MWI,1.0613227556633902,True,1270
447,10,5,375573Q,MWI,375573Q-MWI,1.0511175927076741,True,1279
448,10,4,375573Q,MWI,375573Q-MWI,0.95,False,1289
449,10,33,375573Q,MWI,375573Q-MWI,1.0222951478754994,False,1381
450,10,5,D,UEP,D-UEP,1.0198058048553325,True,1271
451,10,63,D,UEP,D-UEP,1.018856040057787,True,1337
452,10,10,D,UEP,D-UEP,1.015349250499052,True,1356
453,10,12,D,UEP,D-UEP,1.006384678683156,False,1381
454,10,20,CEG,D,CEG-D,1.0212544585866838,True,1273
455,10,5,CEG,D,CEG-D,1.0344898913675145,True,1286
456,10,11,CEG,D,CEG-D,1.046122115652223,True,1348
457,10,10,CEG,D,CEG-D,1.0250073568831444,True,1365
458,10,19,ETR,CIN,ETR-CIN,0.95,False,1272
459,10,44,ETR,CIN,ETR-CIN,0.95,False,1357
460,10,13,BEAM,CEG,BEAM-CEG,1.0357837143944966,True,1268
461,10,14,BEAM,CEG,BEAM-CEG,1.0473581402102639,True,1286
462,10,4,BEAM,CEG,BEAM-CEG,1.0252824214625522,True,1310
463,10,2,BEAM,CEG,BEAM-CEG,0.95,False,1322
464,10,25,45200Q,2500Q,45200Q-2500Q,1.0316060475059325,True,1278
465,10,10,45200Q,2500Q,45200Q-2500Q,0.95,False,1330
466,10,9,45200Q,2500Q,45200Q-2500Q,0.95,False,1356
467,10,92,AEP,DUK,AEP-DUK,0.95,False,1356
468,11,2,JCI,1436513D,JCI-1436513D,1.0000096387755708,True,1383
469,11,5,JCI,1436513D,JCI-1436513D,1.0000277708000456,True,1391
470,11,2,JCI,1436513D,JCI-1436513D,1.00002045619413,True,1395
471,11,4,JCI,1436513D,JCI-1436513D,1.0000199987670013,True,1399
472,11,2,JCI,1436513D,JCI-1436513D,1.0000101556224568,True,1401
473,11,4,JCI,1436513D,JCI-1436513D,1.000019951235699,True,1414
474,11,2,JCI,1436513D,JCI-1436513D,1.0000206910971612,True,1422
475,11,2,JCI,1436513D,JCI-1436513D,1.0000106759401417,True,1425
476,11,2,JCI,1436513D,JCI-1436513D,1.0000206658753856,True,1431
477,11,2,JCI,1436513D,JCI-1436513D,1.0000088688800548,True,1433
478,11,3,JCI,1436513D,JCI-1436513D,1.0000198605589057,True,1436
479,11,3,JCI,1436513D,JCI-1436513D,1.0000205260075805,True,1442
480,11,2,JCI,1436513D,JCI-1436513D,1.0000224136647913,True,1446
481,11,2,JCI,1436513D,JCI-1436513D,1.0000200294462944,True,1448
482,11,2,JCI,1436513D,JCI-1436513D,1.000023798165566,True,1452
483,11,2,JCI,1436513D,JCI-1436513D,1.0000230925687021,True,1454
484,11,2,JCI,1436513D,JCI-1436513D,1.0000230925687021,True,1462
485,11,2,JCI,1436513D,JCI-1436513D,1.000024664011678,True,1465
486,11,2,JCI,1436513D,JCI-1436513D,1.0000235656715537,True,1468
487,11,2,JCI,1436513D,JCI-1436513D,1.0000202378808536,True,1474
488,11,3,JCI,1436513D,JCI-1436513D,1.0000189486171949,True,1478
489,11,2,JCI,1436513D,JCI-1436513D,1.0000204414192797,True,1480
490,11,2,JCI,1436513D,JCI-1436513D,1.0000215061723159,True,1483
491,11,5,JCI,1436513D,JCI-1436513D,1.000025503736137,True,1488
492,11,33,XEL,UEP,XEL-UEP,0.95,False,1452
493,11,6,XEL,PPL,XEL-PPL,1.0211666274165851,True,1391
494,11,10,XEL,PPL,XEL-PPL,0.95,False,1430
495,11,14,UEP,PPL,UEP-PPL,1.037424663434162,True,1399
496,11,9,UEP,PPL,UEP-PPL,0.95,False,1438
497,11,88,CEG,UEP,CEG-UEP,1.0184449077826152,True,1486
498,11,9,CEG,UEP,CEG-UEP,1.020224297325048,True,1500
499,11,11,CEG,PPL,CEG-PPL,1.030279954991342,True,1396
500,11,31,CEG,PPL,CEG-PPL,0.95,False,1431
501,11,14,D,PPL,D-PPL,1.0430097457232697,True,1394
502,11,31,D,PPL,D-PPL,0.95,False,1429
503,11,10,D,PPL,D-PPL,1.0172034466985338,True,1489
504,11,2,D,PPL,D-PPL,1.0250129053451593,True,1493
505,11,8,D,PPL,D-PPL,0.9654969469284065,False,1505
506,11,12,XEL,CEG,XEL-CEG,1.0216303915556404,True,1412
507,11,16,XEL,CEG,XEL-CEG,1.0288017715499453,True,1466
508,11,31,XEL,CEG,XEL-CEG,0.95,False,1502
509,11,19,SO,UEP,SO-UEP,1.0235617110379933,True,1432
510,11,4,SO,UEP,SO-UEP,1.0274130431903747,True,1442
511,11,5,CEG,D,CEG-D,1.0201654026418623,True,1428
512,11,68,CEG,D,CEG-D,1.002292966861951,False,1505
513,12,2,JCI,1436513D,JCI-1436513D,1.0000191744199618,True,1510
514,12,2,JCI,1436513D,JCI-1436513D,1.000019771753917,True,1512
515,12,3,JCI,1436513D,JCI-1436513D,1.000011433420271,True,1533
516,12,3,JCI,1436513D,JCI-1436513D,1.0000073520763935,True,1561
517,12,2,JCI,1436513D,JCI-1436513D,1.000008939908747,True,1567
518,12,2,JCI,1436513D,JCI-1436513D,1.0000147364245922,True,1574
519,12,3,JCI,1436513D,JCI-1436513D,1.0000205059564804,True,1577
520,12,2,JCI,1436513D,JCI-1436513D,1.0000118062309868,True,1580
521,12,2,JCI,1436513D,JCI-1436513D,1.0000168031153691,True,1590
522,12,3,JCI,1436513D,JCI-1436513D,1.0000175465502177,True,1602
523,12,2,JCI,1436513D,JCI-1436513D,1.0000198128646602,True,1607
524,12,2,JCI,1436513D,JCI-1436513D,1.0000116359968885,True,1621
525,12,2,JCI,1436513D,JCI-1436513D,1.000006841844364,True,1623
526,12,2,JCI,1436513D,JCI-1436513D,1.000006853590548,True,1626
527,12,96,CEG,0961514D,CEG-0961514D,0.95,False,1607
528,12,10,AEP,NEE,AEP-NEE,1.0152875784790327,True,1520
529,12,12,AEP,NEE,AEP-NEE,1.0231660756277736,True,1558
530,12,5,AEP,NEE,AEP-NEE,1.023503031125978,True,1570
531,12,3,AEP,NEE,AEP-NEE,1.036854026594911,True,1588
532,12,36,AEP,NEE,AEP-NEE,0.9774774216024217,False,1632
533,12,20,CEG,PPW,CEG-PPW,1.0287956227653694,True,1524
534,12,6,CEG,PPW,CEG-PPW,1.0420603502133987,True,1566
535,12,3,CEG,PPW,CEG-PPW,1.0385933048835956,True,1612
536,12,8,CEG,PPW,CEG-PPW,1.0324599594187995,True,1624
537,12,63,DUK,SO,DUK-SO,1.0367138815146095,True,1575
538,12,8,DUK,SO,DUK-SO,0.95,False,1586
539,12,10,DUK,SO,DUK-SO,1.030126483462627,True,1609
540,12,15,DUK,SO,DUK-SO,1.0394268579002166,True,1629
541,12,4,STI,KEY,STI-KEY,0.95,False,1512
542,12,2,STI,KEY,STI-KEY,1.00171722687482,False,1632
543,12,4,DOW,PGL,DOW-PGL,1.026441851469654,True,1508
544,12,13,DOW,PGL,DOW-PGL,1.0278253500254397,True,1537
545,12,11,DOW,PGL,DOW-PGL,1.0611241177995543,True,1559
546,12,11,DOW,PGL,DOW-PGL,0.95,False,1592
547,12,2,CNP,SO,CNP-SO,1.0285500998927628,True,1519
548,12,5,CNP,SO,CNP-SO,1.0510725980604498,True,1529
549,12,57,CNP,SO,CNP-SO,1.0377580950313356,True,1594
550,12,13,CNP,SO,CNP-SO,1.0516050807661148,True,1629
551,12,29,D,0961514D,D-0961514D,1.03477178726352,True,1571
552,13,2,JCI,1436513D,JCI-1436513D,1.000013522609622,True,1635
553,13,3,JCI,1436513D,JCI-1436513D,1.00001872505861,True,1652
554,13,2,JCI,1436513D,JCI-1436513D,1.0000124597007778,True,1664
555,13,2,JCI,1436513D,JCI-1436513D,1.000025438482262,True,1673
556,13,4,JCI,1436513D,JCI-1436513D,1.0000126243876157,True,1683
557,13,3,JCI,1436513D,JCI-1436513D,1.0000147400163921,True,1706
558,13,2,JCI,1436513D,JCI-1436513D,1.000012314322553,True,1717
559,13,2,JCI,1436513D,JCI-1436513D,1.0000078187507104,True,1730
560,13,3,JCI,1436513D,JCI-1436513D,1.0000062713528455,True,1742
561,13,2,JCI,1436513D,JCI-1436513D,1.0000093341295446,True,1747
562,13,2,JCI,1436513D,JCI-1436513D,1.0000176573625315,True,1750
563,13,3,JCI,1436513D,JCI-1436513D,1.000011095043039,True,1754
564,13,47,D,0961514D,D-0961514D,0.95,False,1682
565,13,26,2269312Q,0111145D,2269312Q-0111145D,0.95,False,1657
566,13,6,2269312Q,0111145D,2269312Q-0111145D,1.021758860980875,True,1742
567,13,11,2269312Q,0111145D,2269312Q-0111145D,0.95,False,1754
568,13,34,AEP,NEE,AEP-NEE,0.95,False,1680
569,13,6,EMR,PGL,EMR-PGL,0.95,False,1643
570,13,5,XEL,GPUI,XEL-GPUI,1.020937077588868,True,1641
571,13,67,XEL,GPUI,XEL-GPUI,1.0198158766752436,True,1711
572,13,8,XEL,GPUI,XEL-GPUI,1.0413075923180648,True,1721
573,13,6,XEL,GPUI,XEL-GPUI,0.95,False,1736
574,13,6,375573Q,EMN,375573Q-EMN,1.0421694635410916,True,1654
575,13,25,375573Q,EMN,375573Q-EMN,0.95,False,1681
576,13,12,CEG,PPW,CEG-PPW,1.0243722911957953,True,1650
577,13,11,CEG,PPW,CEG-PPW,1.028173672620663,True,1680
578,13,22,CEG,PPW,CEG-PPW,0.95,False,1707
579,13,21,CEG,PPW,CEG-PPW,0.9821069542554315,False,1755
580,14,6,JCI,1436513D,JCI-1436513D,1.0000126147033244,True,1760
581,14,4,JCI,1436513D,JCI-1436513D,1.0000107279099455,True,1764
582,14,4,JCI,1436513D,JCI-1436513D,1.0000072881041187,True,1770
583,14,4,JCI,1436513D,JCI-1436513D,1.0000114429476745,True,1775
584,14,5,JCI,1436513D,JCI-1436513D,1.0000159554158286,True,1780
585,14,2,JCI,1436513D,JCI-1436513D,1.000020162755002,True,1783
586,14,4,JCI,1436513D,JCI-1436513D,1.0000075178492986,True,1789
587,14,2,JCI,1436513D,JCI-1436513D,1.000027206591792,True,1792
588,14,2,JCI,1436513D,JCI-1436513D,1.0000180867319226,True,1795
589,14,5,JCI,1436513D,JCI-1436513D,1.0000153360466475,True,1802
590,14,2,JCI,1436513D,JCI-1436513D,1.0000289589007034,True,1804
591,14,2,JCI,1436513D,JCI-1436513D,1.0000136886853792,True,1807
592,14,2,JCI,1436513D,JCI-1436513D,1.0000248028384535,True,1813
593,14,2,JCI,1436513D,JCI-1436513D,1.0000126619738081,True,1821
594,14,2,JCI,1436513D,JCI-1436513D,1.000018069813669,True,1828
595,14,2,JCI,1436513D,JCI-1436513D,1.0000067001785107,True,1842
596,14,3,JCI,1436513D,JCI-1436513D,1.0000095341661699,True,1848
597,14,4,JCI,1436513D,JCI-1436513D,1.0000157874676685,True,1853
598,14,3,JCI,1436513D,JCI-1436513D,1.000014990111539,True,1857
599,14,4,JCI,1436513D,JCI-1436513D,1.0000127710799558,True,1861
600,14,9,JCI,1436513D,JCI-1436513D,1.0000124777098398,True,1870
601,14,6,JCI,1436513D,JCI-1436513D,1.00001868621661,True,1876
602,14,6,JNJ,ABT,JNJ-ABT,0.95,False,1760
603,14,8,JNJ,ABT,JNJ-ABT,0.95,False,1812
604,14,9,CEG,TXU,CEG-TXU,1.0218138282102422,True,1766
605,14,3,CEG,TXU,CEG-TXU,1.021709955656486,True,1789
606,14,23,CEG,TXU,CEG-TXU,0.95,False,1812
607,14,8,D,0111145D,D-0111145D,1.0254587972267615,True,1764
608,14,31,D,0111145D,D-0111145D,0.95,False,1797
609,14,8,8214761Q,RLM,8214761Q-RLM,0.95,False,1790
610,14,18,8214761Q,RLM,8214761Q-RLM,0.95,False,1832
611,14,12,8214761Q,RLM,8214761Q-RLM,1.0010643700020005,False,1882
612,14,10,UTX,TXT,UTX-TXT,1.03553164793489,True,1765
613,14,2,UTX,TXT,UTX-TXT,1.0360348181894057,True,1772
614,14,5,UTX,TXT,UTX-TXT,1.0291029326924455,True,1780
615,14,2,UTX,TXT,UTX-TXT,1.0337595666489514,True,1783
616,14,5,UTX,TXT,UTX-TXT,1.0519375598485177,True,1790
617,14,6,UTX,TXT,UTX-TXT,1.0429820807020322,True,1798
618,14,5,UTX,TXT,UTX-TXT,1.0360190490198085,True,1815
619,14,5,UTX,TXT,UTX-TXT,1.0558465077574632,True,1826
620,14,10,UTX,TXT,UTX-TXT,0.95,False,1856
621,14,16,739306Q,D,739306Q-D,1.0252433284061635,True,1770
622,14,12,739306Q,D,739306Q-D,0.95,False,1794
623,14,5,MMC,RNB,MMC-RNB,1.044364955565585,True,1759
624,14,7,MMC,RNB,MMC-RNB,0.95,False,1772
625,15,3,JCI,1436513D,JCI-1436513D,1.0000127756627224,True,1886
626,15,2,JCI,1436513D,JCI-1436513D,1.0000076885101101,True,1892
627,15,10,JCI,1436513D,JCI-1436513D,1.00001913032665,True,1902
628,15,3,JCI,1436513D,JCI-1436513D,1.0000101295716533,True,1905
629,15,2,JCI,1436513D,JCI-1436513D,1.0000094805551782,True,1907
630,15,3,JCI,1436513D,JCI-1436513D,1.0000187259832543,True,1910
631,15,9,JCI,1436513D,JCI-1436513D,1.0000139316445122,True,1919
632,15,9,JCI,1436513D,JCI-1436513D,1.0000156514980927,True,1928
633,15,2,JCI,1436513D,JCI-1436513D,1.0000071964464639,True,1932
634,15,4,JCI,1436513D,JCI-1436513D,1.0000063124821061,True,1936
635,15,8,JCI,1436513D,JCI-1436513D,1.0000067796030048,True,1944
636,15,2,JCI,1436513D,JCI-1436513D,1.000014241971575,True,1946
637,15,19,JCI,1436513D,JCI-1436513D,1.0000062120231312,True,1968
638,15,7,JCI,1436513D,JCI-1436513D,1.0000059705209954,True,1975
639,15,4,JCI,1436513D,JCI-1436513D,1.000010670631508,True,1979
640,15,13,JCI,1436513D,JCI-1436513D,1.0000089714606095,True,1992
641,15,4,JCI,1436513D,JCI-1436513D,1.0000163647694467,True,1996
642,15,2,JCI,1436513D,JCI-1436513D,1.000006677087217,True,1998
643,15,6,JCI,1436513D,JCI-1436513D,1.0000078859199624,False,2005
644,15,31,AEP,0111145D,AEP-0111145D,1.0474094581271385,True,1912
645,15,19,AEP,0111145D,AEP-0111145D,1.050353836938865,True,1936
646,15,7,AEP,0111145D,AEP-0111145D,1.029390553380039,True,1946
647,15,26,AEP,0111145D,AEP-0111145D,1.0366795375830071,True,1974
648,15,18,AEP,0111145D,AEP-0111145D,0.95,False,2001
649,15,7,AEP,CIN,AEP-CIN,1.0233630426846938,True,1898
650,15,31,AEP,CIN,AEP-CIN,1.0367871973274128,True,1944
651,15,31,AEP,CIN,AEP-CIN,0.95,False,2001
652,15,46,ED,PEG,ED-PEG,0.95,False,1939
653,15,17,XEL,CEG,XEL-CEG,0.95,False,1898
654,15,38,XEL,CEG,XEL-CEG,0.95,False,2003
655,15,20,D,TXU,D-TXU,0.95,False,1933
656,15,2,D,TXU,D-TXU,1.0311754214415008,True,1955
657,15,22,D,TXU,D-TXU,1.0293844335109639,True,1993
658,15,7,D,TXU,D-TXU,1.0056706829804767,False,2005
659,15,7,CNP,UCM,CNP-UCM,1.0177697823958691,True,1900
660,15,10,CNP,UCM,CNP-UCM,0.95,False,1917
661,15,13,RDPL,300583Q,RDPL-300583Q,0.95,False,1927
662,15,20,RDPL,300583Q,RDPL-300583Q,1.062383753315116,True,1966
663,15,30,RDPL,300583Q,RDPL-300583Q,1.0522338844072763,True,2003
664,15,10,PGL,0111145D,PGL-0111145D,1.0445552951299084,True,1911
665,15,10,PGL,0111145D,PGL-0111145D,0.95,False,1958
666,15,32,SO,0961514D,SO-0961514D,1.0361646838870668,True,1919
667,15,4,SO,0961514D,SO-0961514D,0.95,False,1954
668,15,19,SO,0961514D,SO-0961514D,1.0219951659685214,True,2004
669,16,3,JCI,1436513D,JCI-1436513D,1.0000050105147098,True,2012
670,16,2,JCI,1436513D,JCI-1436513D,1.0000068031991098,True,2017
671,16,3,JCI,1436513D,JCI-1436513D,1.0000094892322295,True,2022
672,16,2,JCI,1436513D,JCI-1436513D,1.0000078647428141,True,2026
673,16,4,JCI,1436513D,JCI-1436513D,1.0000094226781253,True,2042
674,16,2,JCI,1436513D,JCI-1436513D,1.000010281876904,True,2050
675,16,2,JCI,1436513D,JCI-1436513D,1.000006775621585,True,2053
676,16,2,JCI,1436513D,JCI-1436513D,1.0000084781083154,True,2058
677,16,2,JCI,1436513D,JCI-1436513D,1.0000095985070685,True,2061
678,16,4,JCI,1436513D,JCI-1436513D,1.0000096283175273,True,2068
679,16,2,JCI,1436513D,JCI-1436513D,1.0000084305557542,True,2072
680,16,2,JCI,1436513D,JCI-1436513D,1.0000058343397569,True,2080
681,16,4,JCI,1436513D,JCI-1436513D,1.0000181732557896,True,2085
682,16,3,JCI,1436513D,JCI-1436513D,1.0000147798369299,True,2093
683,16,4,JCI,1436513D,JCI-1436513D,1.0000166262614898,True,2097
684,16,2,JCI,1436513D,JCI-1436513D,1.0000122787148567,True,2100
685,16,3,JCI,1436513D,JCI-1436513D,1.0000162029541033,True,2106
686,16,3,JCI,1436513D,JCI-1436513D,1.0000132349776296,True,2112
687,16,2,JCI,1436513D,JCI-1436513D,1.0000084240889917,True,2129
688,16,2,JCI,1436513D,JCI-1436513D,1.0000076342602546,False,2132
689,16,3,SO,0961514D,SO-0961514D,1.036436642222598,True,2014
690,16,13,SO,0961514D,SO-0961514D,0.95,False,2039
691,16,38,FE,AEE,FE-AEE,0.95,False,2060
692,16,13,AEP,0111145D,AEP-0111145D,0.95,False,2017
693,16,20,CEG,CIN,CEG-CIN,0.95,False,2027
694,16,16,ED,TXU,ED-TXU,1.0445990006852561,True,2032
695,16,3,ED,TXU,ED-TXU,0.95,False,2075
696,17,45,JCI,1436513D,JCI-1436513D,1.000015705597715,True,2176
697,17,69,JCI,1436513D,JCI-1436513D,1.0000198873336148,True,2246
698,17,10,JCI,1436513D,JCI-1436513D,1.0000043788933066,False,2257
699,17,9,SO,AEE,SO-AEE,0.95,False,2146
700,17,3,SO,AEE,SO-AEE,1.0309770622253658,True,2203
701,17,7,SO,AEE,SO-AEE,1.0823307047860122,True,2211
702,17,3,SO,AEE,SO-AEE,1.044144735273907,True,2215
703,17,12,PEG,UCM,PEG-UCM,0.95,False,2147
704,17,13,1288652D,UPC,1288652D-UPC,0.95,False,2144
705,17,7,NEE,FE,NEE-FE,0.95,False,2176
706,17,4,NEE,FE,NEE-FE,1.0518271434448832,True,2207
707,17,9,NEE,FE,NEE-FE,1.047597658419314,True,2216
708,17,6,NEE,FE,NEE-FE,0.9608309499196807,False,2257
709,17,5,OKE,SRE,OKE-SRE,1.0443361416080659,True,2147
710,17,12,OKE,SRE,OKE-SRE,0.95,False,2167
711,17,3,OKE,SRE,OKE-SRE,1.0482656282162792,True,2183
712,17,23,OKE,SRE,OKE-SRE,1.0235656311893906,False,2257
713,17,5,FNMA,UPC,FNMA-UPC,0.95,False,2140
714,17,3,CNP,CIN,CNP-CIN,1.0572898326728948,True,2148
715,17,7,CNP,CIN,CNP-CIN,0.95,False,2182
716,17,4,CNP,CIN,CNP-CIN,0.95,False,2228
717,18,2,JCI,1436513D,JCI-1436513D,1.0000159389505034,True,2258
718,18,4,JCI,1436513D,JCI-1436513D,1.0000141264602067,True,2270
719,18,3,JCI,1436513D,JCI-1436513D,1.0000079629925058,True,2282
720,18,2,JCI,1436513D,JCI-1436513D,1.0000173883835826,True,2290
721,18,2,JCI,1436513D,JCI-1436513D,1.0000125840143692,True,2292
722,18,2,JCI,1436513D,JCI-1436513D,1.00002143140356,True,2295
723,18,2,JCI,1436513D,JCI-1436513D,1.00000646819815,True,2306
724,18,3,JCI,1436513D,JCI-1436513D,1.0000267970538403,True,2313
725,18,2,JCI,1436513D,JCI-1436513D,1.0000127454459597,True,2315
726,18,2,JCI,1436513D,JCI-1436513D,1.000013650649493,True,2320
727,18,11,JCI,1436513D,JCI-1436513D,1.000010746560118,True,2335
728,18,5,JCI,1436513D,JCI-1436513D,1.0000051879461838,True,2340
729,18,2,JCI,1436513D,JCI-1436513D,1.000008259014601,True,2344
730,18,4,JCI,1436513D,JCI-1436513D,1.0000068509463378,True,2348
731,18,2,JCI,1436513D,JCI-1436513D,1.0000178091987888,True,2353
732,18,2,JCI,1436513D,JCI-1436513D,1.000016917619393,True,2357
733,18,2,JCI,1436513D,JCI-1436513D,1.0000178091987888,True,2359
734,18,2,JCI,1436513D,JCI-1436513D,1.0000115547416202,True,2361
735,18,2,JCI,1436513D,JCI-1436513D,1.0000090907785446,True,2364
736,18,2,JCI,1436513D,JCI-1436513D,1.0000101134156807,True,2367
737,18,2,JCI,1436513D,JCI-1436513D,1.0000205844352787,True,2369
738,18,4,JCI,1436513D,JCI-1436513D,1.0000093484095727,True,2375
739,18,3,JCI,1436513D,JCI-1436513D,1.0000116416090568,True,2378
740,18,1,JCI,1436513D,JCI-1436513D,1.0000116416090568,False,2382
741,18,13,SO,0111145D,SO-0111145D,1.050458898526419,True,2272
742,18,4,SO,0111145D,SO-0111145D,1.0399919231674901,True,2284
743,18,6,SO,0111145D,SO-0111145D,0.95,False,2297
744,18,24,544791Q,228510Q,544791Q-228510Q,1.0691238081317695,True,2294
745,18,10,544791Q,228510Q,544791Q-228510Q,1.0505002935978007,True,2329
746,18,19,544791Q,228510Q,544791Q-228510Q,0.95,False,2349
747,18,44,41018Q,BBT,41018Q-BBT,0.95,False,2302
748,18,3,GP,228510Q,GP-228510Q,0.95,False,2265
749,18,6,AEP,SO,AEP-SO,1.0464267686099702,True,2262
750,18,18,AEP,SO,AEP-SO,0.95,False,2295
751,18,21,AEP,SO,AEP-SO,0.95,False,2360
752,18,13,NCC,HBAN,NCC-HBAN,0.95,False,2301
753,18,40,GP,544791Q,GP-544791Q,1.087005805938252,True,2304
754,18,7,GP,544791Q,GP-544791Q,0.95,False,2332
755,18,4,UPC,2676187Q,UPC-2676187Q,1.0392398398344473,True,2307
756,18,23,UPC,2676187Q,UPC-2676187Q,1.0523653275153864,True,2341
757,18,11,UPC,2676187Q,UPC-2676187Q,0.95,False,2363
758,18,4,WFC,SNV,WFC-SNV,1.0571751712024422,True,2261
759,18,5,WFC,SNV,WFC-SNV,1.0366299737860512,True,2269
760,18,2,WFC,SNV,WFC-SNV,1.0343413156060124,True,2279
761,18,13,WFC,SNV,WFC-SNV,1.0261548786548347,True,2295
762,18,5,WFC,SNV,WFC-SNV,1.0406151982848622,True,2361
763,18,4,WFC,SNV,WFC-SNV,1.0325952357250872,True,2370
764,18,8,WFC,SNV,WFC-SNV,0.9896638417200477,False,2382
765,19,3,JCI,1436513D,JCI-1436513D,1.0000176456119032,True,2388
766,19,2,JCI,1436513D,JCI-1436513D,1.0000062075173035,True,2406
767,19,2,JCI,1436513D,JCI-1436513D,1.0000110153101387,True,2411
768,19,2,JCI,1436513D,JCI-1436513D,1.0000089423441096,True,2416
769,19,2,JCI,1436513D,JCI-1436513D,1.0000085108095815,True,2429
770,19,2,JCI,1436513D,JCI-1436513D,1.0000073684129622,True,2435
771,19,3,JCI,1436513D,JCI-1436513D,1.0000072381086798,True,2458
772,19,2,JCI,1436513D,JCI-1436513D,1.0000145090597987,True,2468
773,19,2,JCI,1436513D,JCI-1436513D,1.0000106454697912,True,2475
774,19,3,JCI,1436513D,JCI-1436513D,1.0000079479780497,True,2496
775,19,121,FNMA,FMCC,FNMA-FMCC,0.9719260034229665,False,2506
776,19,77,OMX,TIN,OMX-TIN,1.0529485600008652,True,2498
777,19,9,DD,WY,DD-WY,0.95,False,2397
778,19,10,WY,544791Q,WY-544791Q,0.95,False,2410
779,19,2,CIN,AEE,CIN-AEE,1.0256045702204444,True,2385
780,19,3,CIN,AEE,CIN-AEE,1.0471449544577611,True,2394
781,19,30,CIN,AEE,CIN-AEE,0.95,False,2424
782,19,15,RDPL,CVX,RDPL-CVX,1.0422598182140341,True,2397
783,19,7,RDPL,CVX,RDPL-CVX,1.0507574620491518,True,2410
784,19,23,RDPL,CVX,RDPL-CVX,0.95,False,2445
785,19,17,MRO,XOM,MRO-XOM,1.0576582498194833,True,2401
786,19,24,MRO,XOM,MRO-XOM,0.95,False,2428
787,19,14,RDPL,ASH,RDPL-ASH,0.95,False,2395
788,19,92,ED,1288652D,ED-1288652D,0.9721299341555699,False,2506
789,20,36,JCI,1436513D,JCI-1436513D,1.0000052486679414,True,2541
790,20,2,JCI,1436513D,JCI-1436513D,1.0000136110407283,True,2543
791,20,6,JCI,1436513D,JCI-1436513D,1.0000180377139931,True,2549
792,20,2,JCI,1436513D,JCI-1436513D,1.000009886519128,True,2551
793,20,4,JCI,1436513D,JCI-1436513D,1.000008948392988,True,2555
794,20,4,JCI,1436513D,JCI-1436513D,1.0000155632797967,True,2559
795,20,27,JCI,1436513D,JCI-1436513D,1.0000182080498627,True,2586
796,20,12,JCI,1436513D,JCI-1436513D,1.0000111926704078,True,2598
797,20,29,JCI,1436513D,JCI-1436513D,1.0000021108840185,False,2628
798,20,7,DD,PCH,DD-PCH,1.0356270325228076,True,2512
799,20,15,DD,PCH,DD-PCH,0.95,False,2537
800,20,9,DD,PCH,DD-PCH,0.95,False,2572
801,20,10,NYT,KRI,NYT-KRI,1.06318704513818,True,2515
802,20,29,NYT,KRI,NYT-KRI,1.0240319326053458,True,2572
803,20,11,NYT,KRI,NYT-KRI,1.0395018828661855,True,2586
804,20,10,NYT,KRI,NYT-KRI,0.95,False,2620
805,20,5,CL,HNZ,CL-HNZ,1.0503420834826676,True,2510
806,20,26,CL,HNZ,CL-HNZ,0.95,False,2550
807,20,12,CL,HNZ,CL-HNZ,1.0502919053171629,True,2584
808,20,11,CL,HNZ,CL-HNZ,0.95,False,2603
809,20,8,ED,FE,ED-FE,1.0332838070704844,True,2513
810,20,17,ED,FE,ED-FE,1.0470827175816158,True,2545
811,20,7,ED,FE,ED-FE,0.95,False,2563
812,20,24,ETN,WY,ETN-WY,1.0697951778348442,True,2533
813,20,16,ETN,WY,ETN-WY,1.0503009025493888,True,2553
814,20,6,ETN,WY,ETN-WY,1.0631633109546759,True,2566
815,20,5,ETN,WY,ETN-WY,1.0410597948381197,True,2586
816,20,4,ETN,WY,ETN-WY,1.0253931430574903,False,2628
817,20,16,MRK,BMY,MRK-BMY,0.95,False,2521
818,20,8,0544749D,COC,0544749D-COC,0.95,False,2514
819,20,17,CIN,CMS,CIN-CMS,1.0688805087268647,True,2522
820,20,8,CIN,CMS,CIN-CMS,0.95,False,2533
821,20,18,ECL,723588Q,ECL-723588Q,0.95,False,2530
822,21,2,JCI,1436513D,JCI-1436513D,1.0000103378377718,True,2629
823,21,4,JCI,1436513D,JCI-1436513D,1.0000073236663112,True,2636
824,21,2,JCI,1436513D,JCI-1436513D,1.0000066123448763,True,2661
825,21,2,JCI,1436513D,JCI-1436513D,1.0000058606630493,True,2663
826,21,3,JCI,1436513D,JCI-1436513D,1.0000043429844967,True,2685
827,21,3,JCI,1436513D,JCI-1436513D,1.0000042667393294,True,2695
828,21,2,JCI,1436513D,JCI-1436513D,1.000005533366523,True,2701
829,21,2,JCI,1436513D,JCI-1436513D,1.0000130580593316,True,2704
830,21,2,JCI,1436513D,JCI-1436513D,1.0000079840178409,True,2709
831,21,2,JCI,1436513D,JCI-1436513D,1.0000133319631586,True,2712
832,21,2,JCI,1436513D,JCI-1436513D,1.000009417353231,True,2721
833,21,2,JCI,1436513D,JCI-1436513D,1.0000088612207978,True,2724
834,21,5,JCI,1436513D,JCI-1436513D,1.0000116609183862,True,2750
835,21,75,UPC,3133754Q,UPC-3133754Q,1.0530109222908624,True,2716
836,21,5,UPC,3133754Q,UPC-3133754Q,0.9776369107686409,False,2751
837,21,41,ETR,AEE,ETR-AEE,0.95,False,2702
838,21,6,0111145D,AEE,0111145D-AEE,0.95,False,2664
839,21,16,MMM,AVY,MMM-AVY,0.95,False,2645
840,21,31,DALRQ,AAMRQ,DALRQ-AAMRQ,1.083406444999397,True,2680
841,21,7,XOM,SYY,XOM-SYY,0.95,False,2644
842,21,33,XOM,SYY,XOM-SYY,1.0563550279981775,True,2728
843,21,10,XOM,SYY,XOM-SYY,1.033229773082048,True,2738
844,21,4,XOM,SYY,XOM-SYY,1.0435708884645314,True,2746
845,21,84,NYT,KRI,NYT-KRI,1.0650697685221768,True,2711
846,21,11,NYT,KRI,NYT-KRI,0.95,False,2745
847,21,69,NCC,FITB,NCC-FITB,1.0365084728740617,True,2713
848,21,29,NCC,FITB,NCC-FITB,1.007099690497945,False,2751
849,21,14,1288652D,BBT,1288652D-BBT,1.041254669025626,True,2673
850,21,13,1288652D,BBT,1288652D-BBT,1.0383311951185512,True,2705
851,21,18,1288652D,BBT,1288652D-BBT,1.0318951305930681,True,2728
852,21,2,1288652D,BBT,1288652D-BBT,0.9847392983547247,False,2751
853,22,2,JCI,1436513D,JCI-1436513D,1.000013420951759,True,2752
854,22,5,JCI,1436513D,JCI-1436513D,1.0000092315848759,True,2759
855,22,2,JCI,1436513D,JCI-1436513D,1.0000105292507118,True,2761
856,22,3,JCI,1436513D,JCI-1436513D,1.0000047542425812,True,2764
857,22,2,JCI,1436513D,JCI-1436513D,1.0000074013135707,True,2769
858,22,2,JCI,1436513D,JCI-1436513D,1.0000064301799363,True,2771
859,22,2,JCI,1436513D,JCI-1436513D,1.0000094973018223,True,2775
860,22,3,JCI,1436513D,JCI-1436513D,1.0000082636392702,True,2778
861,22,2,JCI,1436513D,JCI-1436513D,1.0000080908691182,True,2784
862,22,2,JCI,1436513D,JCI-1436513D,1.0000063195964892,True,2786
863,22,4,JCI,1436513D,JCI-1436513D,1.0000063113982536,True,2790
864,22,2,JCI,1436513D,JCI-1436513D,1.0000070116162814,True,2792
865,22,4,JCI,1436513D,JCI-1436513D,1.0000047313046225,True,2796
866,22,2,JCI,1436513D,JCI-1436513D,1.0000094958811976,True,2800
867,22,2,JCI,1436513D,JCI-1436513D,1.0000098908118025,True,2814
868,22,4,JCI,1436513D,JCI-1436513D,1.0000083597876757,True,2818
869,22,2,JCI,1436513D,JCI-1436513D,1.000008732607516,True,2826
870,22,3,JCI,1436513D,JCI-1436513D,1.0000067079820554,True,2830
871,22,2,JCI,1436513D,JCI-1436513D,1.0000047703307064,True,2833
872,22,3,JCI,1436513D,JCI-1436513D,1.0000059315200722,True,2836
873,22,2,JCI,1436513D,JCI-1436513D,1.0000066779747934,True,2838
874,22,3,JCI,1436513D,JCI-1436513D,1.00000595840659,True,2841
875,22,2,JCI,1436513D,JCI-1436513D,1.0000091208872506,True,2855
876,22,2,JCI,1436513D,JCI-1436513D,1.0000108223546613,True,2869
877,22,2,JCI,1436513D,JCI-1436513D,1.0000154489430215,True,2873
878,22,11,1255173D,KEY,1255173D-KEY,1.0402910690094838,True,2769
879,22,16,1255173D,KEY,1255173D-KEY,1.029629498767172,True,2850
880,22,14,1255173D,KEY,1255173D-KEY,0.9838610247951903,False,2878
881,22,54,FNMA,FMCC,FNMA-FMCC,0.95,False,2804
882,22,26,WFC,355488Q,WFC-355488Q,1.0380794209099167,True,2776
883,22,7,WFC,355488Q,WFC-355488Q,1.045574103690275,True,2808
884,22,2,WFC,355488Q,WFC-355488Q,1.0344372462880922,True,2815
885,22,6,WFC,355488Q,WFC-355488Q,1.0456245690711399,True,2822
886,22,15,WFC,355488Q,WFC-355488Q,0.95,False,2853
887,22,3,WFC,KEY,WFC-KEY,0.95,False,2762
888,22,24,WFC,KEY,WFC-KEY,1.0315316864751727,True,2799
889,22,7,WFC,KEY,WFC-KEY,1.0449151918220165,True,2814
890,22,34,WFC,KEY,WFC-KEY,1.0535578759886337,True,2849
891,22,10,WFC,KEY,WFC-KEY,1.0286647763656718,True,2863
892,22,14,CVX,TMK,CVX-TMK,1.0505679727820978,True,2764
893,22,11,CVX,TMK,CVX-TMK,1.0352723974072566,True,2780
894,22,4,CVX,TMK,CVX-TMK,1.0408478925602709,True,2788
895,22,25,CVX,TMK,CVX-TMK,1.028927993834355,True,2816
896,22,2,CVX,TMK,CVX-TMK,1.0329671700583867,True,2820
897,22,3,CVX,TMK,CVX-TMK,1.0437048007213081,True,2828
898,22,8,CVX,TMK,CVX-TMK,0.95,False,2836
899,22,33,STI,BBT,STI-BBT,0.95,False,2850
900,22,8,SYY,1288652D,SYY-1288652D,1.0374364868487833,True,2761
901,22,9,SYY,1288652D,SYY-1288652D,0.95,False,2780
902,22,4,KEY,NCC,KEY-NCC,1.0292513232502158,True,2765
903,22,24,KEY,NCC,KEY-NCC,1.0241488894711568,True,2819
904,22,25,KEY,NCC,KEY-NCC,0.95,False,2850
905,22,39,NEE,KSE,NEE-KSE,1.0342211202460845,True,2789
906,22,41,NEE,KSE,NEE-KSE,1.082464648978854,True,2838
907,22,8,NEE,KSE,NEE-KSE,1.0329917166533686,True,2850
908,23,5,JCI,1436513D,JCI-1436513D,1.000009343826861,True,2882
909,23,3,JCI,1436513D,JCI-1436513D,1.0000053712334658,True,2885
910,23,4,JCI,1436513D,JCI-1436513D,1.0000073745233409,True,2889
911,23,17,JCI,1436513D,JCI-1436513D,1.0000075205171797,True,2906
912,23,7,JCI,1436513D,JCI-1436513D,1.0000099942287743,True,2914
913,23,6,JCI,1436513D,JCI-1436513D,1.00000715196217,True,2920
914,23,6,JCI,1436513D,JCI-1436513D,1.0000136698362077,True,2927
915,23,5,JCI,1436513D,JCI-1436513D,1.0000083078041009,True,2932
916,23,3,JCI,1436513D,JCI-1436513D,1.000005599242819,True,2936
917,23,2,JCI,1436513D,JCI-1436513D,1.0000144465396221,True,2938
918,23,8,JCI,1436513D,JCI-1436513D,1.0000049953883923,True,2948
919,23,3,JCI,1436513D,JCI-1436513D,1.0000077401031497,True,2951
920,23,3,JCI,1436513D,JCI-1436513D,1.000007179181417,True,2955
921,23,10,JCI,1436513D,JCI-1436513D,1.0000042437560532,True,2965
922,23,4,JCI,1436513D,JCI-1436513D,1.0000079449920363,True,2969
923,23,12,JCI,1436513D,JCI-1436513D,1.0000047340205007,True,2981
924,23,4,JCI,1436513D,JCI-1436513D,1.000004484914052,True,2985
925,23,5,JCI,1436513D,JCI-1436513D,1.0000080832855804,True,2990
926,23,7,JCI,1436513D,JCI-1436513D,1.0000005590674306,False,3001
927,23,8,KRI,TMK,KRI-TMK,1.0279760493884345,True,2885
928,23,4,KRI,TMK,KRI-TMK,0.95,False,2892
929,23,6,KRI,TMK,KRI-TMK,1.0588414239310373,True,2928
930,23,10,KRI,TMK,KRI-TMK,1.0212822245823692,True,2950
931,23,10,KRI,TMK,KRI-TMK,0.95,False,2981
932,23,4,BBT,2676187Q,BBT-2676187Q,0.95,False,2889
933,23,55,EOP,EQR,EOP-EQR,1.0322600589143145,True,2932
934,23,44,EOP,EQR,EOP-EQR,1.0284267943957672,True,2998
935,23,20,KEY,2676187Q,KEY-2676187Q,0.95,False,2907
936,23,12,PG,3393199Q,PG-3393199Q,1.0329503707723335,True,2906
937,23,8,PG,3393199Q,PG-3393199Q,0.95,False,2935
938,23,7,PG,3393199Q,PG-3393199Q,1.016351807653506,False,3001
939,23,45,STI,NCC,STI-NCC,0.95,False,2922
940,23,15,WFC,355488Q,WFC-355488Q,1.0215380749212286,True,2892
941,23,11,WFC,355488Q,WFC-355488Q,1.0348074675343881,True,2942
942,23,12,WFC,355488Q,WFC-355488Q,1.0336088882132843,True,2988
943,24,18,JCI,1436513D,JCI-1436513D,1.0000071469638006,True,3018
944,24,4,JCI,1436513D,JCI-1436513D,1.000009543371891,True,3022
945,24,7,JCI,1436513D,JCI-1436513D,1.0000088728852305,True,3029
946,24,10,JCI,1436513D,JCI-1436513D,1.000012051837177,True,3039
947,24,12,JCI,1436513D,JCI-1436513D,1.0000083281406391,True,3051
948,24,40,JCI,1436513D,JCI-1436513D,1.0000047121143005,True,3091
949,24,9,JCI,1436513D,JCI-1436513D,1.0000028678534978,True,3100
950,24,25,JCI,1436513D,JCI-1436513D,1.0000052627256815,True,3125
951,24,2,JCI,1436513D,JCI-1436513D,1.0000041445615893,False,3128
952,24,6,NEE,EXC,NEE-EXC,1.0229409609547782,True,3008
953,24,6,NEE,EXC,NEE-EXC,0.95,False,3024
954,24,11,KEY,355488Q,KEY-355488Q,1.0355704597806366,True,3020
955,24,5,KEY,355488Q,KEY-355488Q,1.0208029728347856,True,3045
956,24,8,KEY,355488Q,KEY-355488Q,1.028147943616556,True,3078
957,24,5,KEY,355488Q,KEY-355488Q,1.0215684276802919,True,3091
958,24,19,KEY,355488Q,KEY-355488Q,0.988945576410894,False,3128
959,24,31,EOP,EQR,EOP-EQR,0.95,False,3052
960,24,72,UNH,502466Q,UNH-502466Q,1.1212060726507145,True,3082
961,24,9,UNH,502466Q,UNH-502466Q,0.95,False,3091
962,24,19,355488Q,MI,355488Q-MI,1.0574192912716958,True,3019
963,24,37,355488Q,MI,355488Q-MI,0.95,False,3072
964,24,62,XOM,COP,XOM-COP,1.0339203556855805,True,3062
965,24,18,XOM,COP,XOM-COP,0.95,False,3089
966,24,32,TMK,HBAN,TMK-HBAN,0.95,False,3049
967,24,12,BAC,1255173D,BAC-1255173D,1.0293815014342766,True,3013
968,24,7,BAC,1255173D,BAC-1255173D,1.0157565921093368,True,3042
969,24,10,BAC,1255173D,BAC-1255173D,1.0216272255453664,True,3053
970,24,8,BAC,1255173D,BAC-1255173D,0.95,False,3082
971,24,49,PG,TGNA,PG-TGNA,1.027148870677854,True,3049
972,24,34,PG,TGNA,PG-TGNA,0.95,False,3107
973,25,5,JCI,1436513D,JCI-1436513D,1.000005397846932,True,3134
974,25,3,JCI,1436513D,JCI-1436513D,1.0000062874733757,True,3137
975,25,2,JCI,1436513D,JCI-1436513D,1.0000092419443631,True,3146
976,25,4,JCI,1436513D,JCI-1436513D,1.0000044963794705,True,3150
977,25,3,JCI,1436513D,JCI-1436513D,1.0000055761937412,True,3154
978,25,5,JCI,1436513D,JCI-1436513D,1.0000022740242234,True,3163
979,25,3,JCI,1436513D,JCI-1436513D,1.0000046482162286,True,3166
980,25,2,JCI,1436513D,JCI-1436513D,1.0000061930730206,True,3173
981,25,2,JCI,1436513D,JCI-1436513D,1.0000047790752533,True,3175
982,25,4,JCI,1436513D,JCI-1436513D,1.0000080768240938,True,3179
983,25,5,JCI,1436513D,JCI-1436513D,1.0000067346578558,True,3185
984,25,6,JCI,1436513D,JCI-1436513D,1.0000061545790855,True,3192
985,25,2,JCI,1436513D,JCI-1436513D,1.0000079369151234,True,3195
986,25,7,JCI,1436513D,JCI-1436513D,1.000004791138931,True,3202
987,25,3,JCI,1436513D,JCI-1436513D,1.0000049429192557,True,3207
988,25,4,JCI,1436513D,JCI-1436513D,1.0000061345296474,True,3215
989,25,2,JCI,1436513D,JCI-1436513D,1.0000058035103656,True,3218
990,25,2,JCI,1436513D,JCI-1436513D,1.0000087685027383,True,3221
991,25,3,JCI,1436513D,JCI-1436513D,1.0000105100584804,True,3224
992,25,2,JCI,1436513D,JCI-1436513D,1.0000060324819873,True,3234
993,25,2,JCI,1436513D,JCI-1436513D,1.0000034326247391,True,3239
994,25,2,JCI,1436513D,JCI-1436513D,1.0000001533522511,False,3251
995,25,10,TGNA,HBAN,TGNA-HBAN,1.0500625777871124,True,3137
996,25,7,TGNA,HBAN,TGNA-HBAN,1.0457164670006454,True,3145
997,25,2,TGNA,HBAN,TGNA-HBAN,1.017457190169612,True,3152
998,25,14,TGNA,HBAN,TGNA-HBAN,1.015409437059303,True,3176
999,25,19,TGNA,HBAN,TGNA-HBAN,0.95,False,3197
1000,25,4,TGNA,HBAN,TGNA-HBAN,1.0148784580233408,True,3217
1001,25,6,TGNA,HBAN,TGNA-HBAN,0.9785938324617645,False,3251
1002,25,45,NEE,AEE,NEE-AEE,1.0238817469549797,True,3172
1003,25,3,NEE,AEE,NEE-AEE,1.0230037227261732,True,3206
1004,25,2,NEE,AEE,NEE-AEE,1.0152611869615917,True,3217
1005,25,3,K,KO,K-KO,1.0260313966911503,True,3154
1006,25,28,K,KO,K-KO,1.0211560887832298,True,3190
1007,25,13,K,KO,K-KO,0.95,False,3204
1008,25,37,WFC,STI,WFC-STI,1.0420512891966167,True,3172
1009,25,3,WFC,STI,WFC-STI,1.0206529437485528,True,3200
1010,25,7,WFC,STI,WFC-STI,0.95,False,3221
1011,25,70,HBAN,605018Q,HBAN-605018Q,0.95,False,3212
1012,25,20,TGNA,WFC,TGNA-WFC,1.0176903386786245,True,3157
1013,25,20,TGNA,WFC,TGNA-WFC,1.0303667993166423,True,3182
1014,25,6,TGNA,WFC,TGNA-WFC,1.0330670624411757,True,3202
1015,25,32,TGNA,WFC,TGNA-WFC,0.9753169022036874,False,3251
1016,25,3,KRI,HBAN,KRI-HBAN,1.032142429819929,True,3137
1017,25,5,KRI,HBAN,KRI-HBAN,1.0536087039022546,True,3145
1018,25,22,KRI,HBAN,KRI-HBAN,1.0270364790357687,True,3182
1019,25,5,KRI,HBAN,KRI-HBAN,1.0333556913097117,True,3189
1020,25,27,KRI,HBAN,KRI-HBAN,1.0255831865926834,True,3217
1021,25,6,KRI,HBAN,KRI-HBAN,1.0230510780094353,True,3232
1022,25,4,KRI,HBAN,KRI-HBAN,1.015550019589028,True,3238
1023,25,8,KRI,HBAN,KRI-HBAN,0.95,False,3247
1024,25,4,EMR,ITW,EMR-ITW,1.020001585473663,True,3134
1025,25,50,EMR,ITW,EMR-ITW,1.0187242716768532,True,3185
1026,25,10,EMR,ITW,EMR-ITW,0.95,False,3210
1027,25,11,PEP,355488Q,PEP-355488Q,0.95,False,3141
1028,25,12,PEP,355488Q,PEP-355488Q,0.95,False,3162
1029,26,4,JCI,1436513D,JCI-1436513D,1.0000061356378007,True,3260
1030,26,5,JCI,1436513D,JCI-1436513D,1.0000096773121268,True,3266
1031,26,2,JCI,1436513D,JCI-1436513D,1.000008010576826,True,3268
1032,26,2,JCI,1436513D,JCI-1436513D,1.0000026301929372,True,3271
1033,26,2,JCI,1436513D,JCI-1436513D,1.0000107392468933,True,3276
1034,26,2,JCI,1436513D,JCI-1436513D,1.0000085362983464,True,3290
1035,26,3,JCI,1436513D,JCI-1436513D,1.000008912080639,True,3296
1036,26,2,JCI,1436513D,JCI-1436513D,1.0000056587286388,True,3299
1037,26,2,JCI,1436513D,JCI-1436513D,1.0000063566788597,True,3303
1038,26,4,JCI,1436513D,JCI-1436513D,1.000003807682964,True,3308
1039,26,2,JCI,1436513D,JCI-1436513D,1.000004792217869,True,3310
1040,26,3,JCI,1436513D,JCI-1436513D,1.0000044645916952,True,3314
1041,26,2,JCI,1436513D,JCI-1436513D,1.0000081007228618,True,3317
1042,26,2,JCI,1436513D,JCI-1436513D,1.0000039719495244,True,3336
1043,26,2,JCI,1436513D,JCI-1436513D,1.0000069385031447,True,3344
1044,26,3,JCI,1436513D,JCI-1436513D,1.0000041917944096,True,3362
1045,26,3,JCI,1436513D,JCI-1436513D,1.000005520874466,True,3368
1046,26,2,JCI,1436513D,JCI-1436513D,1.0000034866739749,True,3373
1047,26,2,JCI,1436513D,JCI-1436513D,1.0000030369829453,True,3377
1048,26,50,D,SO,D-SO,0.9943115314187078,False,3378
1049,26,5,0961514D,KSE,0961514D-KSE,0.95,False,3255
1050,26,4,CIN,KSE,CIN-KSE,1.0184692534127264,True,3272
1051,26,9,CIN,KSE,CIN-KSE,1.0257747502506365,True,3286
1052,26,5,CIN,KSE,CIN-KSE,1.0201965849791157,True,3296
1053,26,4,CIN,KSE,CIN-KSE,1.0151279074671204,True,3317
1054,26,22,CIN,KSE,CIN-KSE,1.0211065890259994,True,3346
1055,26,25,CIN,KSE,CIN-KSE,1.0058125443906503,False,3378
1056,26,69,K,HSH,K-HSH,1.0323848631921813,True,3335
1057,26,26,K,HSH,K-HSH,1.021531128204702,True,3362
1058,26,46,D,PGL,D-PGL,1.0321319625042196,True,3304
1059,26,23,D,PGL,D-PGL,1.0206924495342344,True,3330
1060,26,11,D,PGL,D-PGL,1.0256774582876704,True,3370
1061,26,8,C,NI,C-NI,0.95,False,3258
1062,26,29,ETR,KSE,ETR-KSE,1.026414470582607,True,3303
1063,26,34,ETR,KSE,ETR-KSE,0.95,False,3351
1064,26,20,WFC,HBAN,WFC-HBAN,0.95,False,3270
1065,26,13,WFC,HBAN,WFC-HBAN,1.0187001795210113,True,3371
1066,26,7,NCC,PFG,NCC-PFG,0.95,False,3266
1067,26,4,NCC,PFG,NCC-PFG,1.024419868224902,True,3347
1068,26,18,NCC,PFG,NCC-PFG,0.975536390330328,False,3378
1069,27,6,JCI,1436513D,JCI-1436513D,1.000008268768683,True,3384
1070,27,5,JCI,1436513D,JCI-1436513D,1.0000069159341212,True,3390
1071,27,2,JCI,1436513D,JCI-1436513D,1.0000044229633622,True,3392
1072,27,9,JCI,1436513D,JCI-1436513D,1.0000059319574492,True,3401
1073,27,2,JCI,1436513D,JCI-1436513D,1.0000061508866092,True,3410
1074,27,3,JCI,1436513D,JCI-1436513D,1.0000047873515816,True,3415
1075,27,7,JCI,1436513D,JCI-1436513D,1.0000066370715355,True,3423
1076,27,3,JCI,1436513D,JCI-1436513D,1.0000044164626192,True,3426
1077,27,8,JCI,1436513D,JCI-1436513D,1.0000062550782713,True,3434
1078,27,3,JCI,1436513D,JCI-1436513D,1.000007827213144,True,3437
1079,27,9,JCI,1436513D,JCI-1436513D,1.0000043317632128,True,3447
1080,27,3,JCI,1436513D,JCI-1436513D,1.000007861254521,True,3450
1081,27,3,JCI,1436513D,JCI-1436513D,1.0000086474882572,True,3453
1082,27,2,JCI,1436513D,JCI-1436513D,1.0000055719974414,True,3455
1083,27,3,JCI,1436513D,JCI-1436513D,1.0000025640427512,True,3459
1084,27,4,JCI,1436513D,JCI-1436513D,1.0000043677090247,True,3463
1085,27,10,JCI,1436513D,JCI-1436513D,1.0000061739356167,True,3474
1086,27,5,JCI,1436513D,JCI-1436513D,1.000005186559705,True,3479
1087,27,6,JCI,1436513D,JCI-1436513D,1.0000059512670005,True,3486
1088,27,3,JCI,1436513D,JCI-1436513D,1.000004569691529,True,3489
1089,27,6,JCI,1436513D,JCI-1436513D,1.0000027832432752,True,3495
1090,27,1,JCI,1436513D,JCI-1436513D,1.0000027832432752,False,3502
1091,27,7,CEG,SO,CEG-SO,0.95,False,3395
1092,27,92,SO,AEE,SO-AEE,0.9678598011045231,False,3502
1093,27,2,CEG,AEE,CEG-AEE,0.95,False,3395
1094,27,16,XEL,CIN,XEL-CIN,1.0132696917591688,True,3423
1095,27,27,XEL,CIN,XEL-CIN,1.020850490724716,True,3451
1096,27,7,XEL,CIN,XEL-CIN,0.95,False,3464
1097,27,3,XEL,CIN,XEL-CIN,1.0186024492534764,True,3487
1098,27,4,XEL,CIN,XEL-CIN,1.0053759540513592,False,3502
1099,27,18,XEL,CEG,XEL-CEG,0.95,False,3395
1100,27,11,EMR,VMC,EMR-VMC,0.95,False,3395
1101,27,2,CBE,UPS,CBE-UPS,0.95,False,3384
1102,27,14,XEL,D,XEL-D,0.95,False,3414
1103,27,25,D,WFC,D-WFC,0.95,False,3408
1104,28,2,JCI,1436513D,JCI-1436513D,1.000002853933037,True,3509
1105,28,4,JCI,1436513D,JCI-1436513D,1.0000086959414223,True,3523
1106,28,2,JCI,1436513D,JCI-1436513D,1.0000066565905992,True,3525
1107,28,3,JCI,1436513D,JCI-1436513D,1.0000035254361566,True,3530
1108,28,3,JCI,1436513D,JCI-1436513D,1.0000078735859557,True,3536
1109,28,2,JCI,1436513D,JCI-1436513D,1.0000073391549054,True,3550
1110,28,2,JCI,1436513D,JCI-1436513D,1.0000037124320267,True,3554
1111,28,2,JCI,1436513D,JCI-1436513D,1.0000082131942962,True,3557
1112,28,3,JCI,1436513D,JCI-1436513D,1.0000087060933913,True,3563
1113,28,2,JCI,1436513D,JCI-1436513D,1.0000063783258584,True,3565
1114,28,3,JCI,1436513D,JCI-1436513D,1.000006736639818,True,3570
1115,28,2,JCI,1436513D,JCI-1436513D,1.0000085384487145,True,3574
1116,28,3,JCI,1436513D,JCI-1436513D,1.0000044808421342,True,3577
1117,28,2,JCI,1436513D,JCI-1436513D,1.0000056074700912,True,3582
1118,28,2,JCI,1436513D,JCI-1436513D,1.0000057705947314,True,3586
1119,28,28,JCI,1436513D,JCI-1436513D,1.0000014771130001,False,3628
1120,28,12,TMK,MSFT,TMK-MSFT,0.95,False,3523
1121,28,12,TMK,MSFT,TMK-MSFT,0.95,False,3597
1122,28,34,K,WFC,K-WFC,0.95,False,3565
1123,28,33,K,WFC,K-WFC,0.9657207055832259,False,3628
1124,28,16,T,NCC,T-NCC,1.0317437386114034,True,3525
1125,28,2,T,NCC,T-NCC,1.0184928788200696,True,3540
1126,28,9,T,NCC,T-NCC,1.0212253583297086,True,3551
1127,28,8,T,NCC,T-NCC,1.0248308054667599,True,3569
1128,28,8,T,NCC,T-NCC,0.95,False,3583
1129,28,9,BAC,KSE,BAC-KSE,1.0344939242656068,True,3510
1130,28,10,BAC,KSE,BAC-KSE,0.95,False,3520
1131,28,12,BAC,KSE,BAC-KSE,0.95,False,3578
1132,28,16,PNW,MI,PNW-MI,1.022503111669043,True,3520
1133,28,18,PNW,MI,PNW-MI,1.029044500266172,True,3554
1134,28,4,PNW,MI,PNW-MI,1.0399108384810682,True,3572
1135,28,3,PNW,MI,PNW-MI,1.0334096612273471,True,3575
1136,28,5,PNW,MI,PNW-MI,1.030645437459168,True,3581
1137,28,45,PNW,MI,PNW-MI,1.0021878039060164,False,3628
1138,28,3,XEL,CIN,XEL-CIN,1.0150861998334972,True,3504
1139,28,12,XEL,CIN,XEL-CIN,1.0178165870602711,True,3519
1140,28,6,XEL,CIN,XEL-CIN,1.0148028322016067,True,3563
1141,28,34,XEL,CIN,XEL-CIN,1.0246901180267833,True,3600
1142,28,6,XEL,CIN,XEL-CIN,1.0228989367501335,True,3616
1143,29,7,WFC,BLS,WFC-BLS,0.95,False,3648
1144,29,24,EQR,0574018D,EQR-0574018D,1.0388115020364226,True,3651
1145,29,18,EQR,0574018D,EQR-0574018D,1.0188913901151657,True,3683
1146,29,45,EQR,0574018D,EQR-0574018D,0.95,False,3735
1147,29,12,T,USB,T-USB,0.95,False,3644
1148,29,15,T,USB,T-USB,0.95,False,3739
1149,29,27,K,WWY,K-WWY,0.95,False,3666
1150,29,11,SNV,MI,SNV-MI,1.0262043159268006,True,3638
1151,29,52,SNV,MI,SNV-MI,0.95,False,3719
1152,29,18,BAC,C,BAC-C,1.017255618470648,True,3685
1153,29,48,BAC,C,BAC-C,0.9938447553202724,False,3752
1154,29,11,BBT,8206908Q,BBT-8206908Q,0.95,False,3648
1155,29,10,SNV,PNW,SNV-PNW,1.0316213395946312,True,3645
1156,29,43,SNV,PNW,SNV-PNW,1.0196233301172914,True,3703
1157,29,24,SNV,PNW,SNV-PNW,1.0268631679664786,True,3727
1158,29,78,EXC,PEG,EXC-PEG,1.047930295067086,True,3705
1159,29,4,EXC,PEG,EXC-PEG,1.017160697873388,True,3713
1160,29,28,EXC,PEG,EXC-PEG,1.0257343840984063,True,3744
1161,30,5,USB,MTB,USB-MTB,1.0093220919971837,True,3760
1162,30,31,USB,MTB,USB-MTB,1.0124041781917887,True,3796
1163,30,67,USB,MTB,USB-MTB,0.95,False,3865
1164,30,32,ED,SO,ED-SO,1.0270840922898183,True,3783
1165,30,8,ED,SO,ED-SO,1.0064183046299304,False,3877
1166,30,17,ETR,AEE,ETR-AEE,0.95,False,3773
1167,30,28,WFC,MTB,WFC-MTB,1.0163118137116454,True,3781
1168,30,20,WFC,MTB,WFC-MTB,0.95,False,3815
1169,30,5,WFC,TMK,WFC-TMK,1.0163995511146673,True,3756
1170,30,30,WFC,TMK,WFC-TMK,1.0288141691359884,True,3791
1171,30,23,WFC,TMK,WFC-TMK,1.021867766081361,True,3824
1172,30,26,WFC,TMK,WFC-TMK,1.0132564476773587,True,3851
1173,30,8,AEP,SO,AEP-SO,1.015451317339614,True,3780
1174,30,57,AEP,SO,AEP-SO,0.9793271132608415,False,3877
1175,30,22,AEP,ED,AEP-ED,1.0352845151406749,True,3773
1176,30,51,AEP,ED,AEP-ED,0.95,False,3870
1177,30,20,AEE,PNW,AEE-PNW,0.95,False,3785
1178,30,68,WFC,USB,WFC-USB,1.0302939363639614,True,3821
1179,30,7,WFC,USB,WFC-USB,1.0245676469613616,True,3831
1180,30,9,WFC,USB,WFC-USB,1.0210087808175499,True,3849
1181,30,12,WFC,USB,WFC-USB,0.9777201481917377,False,3877
1182,31,4,ED,SO,ED-SO,1.0155935010638681,True,3888
1183,31,79,ED,SO,ED-SO,1.019614062405134,True,3988
1184,31,3,MI,MTB,MI-MTB,1.0167216545364686,True,3886
1185,31,22,MI,MTB,MI-MTB,0.95,False,3937
1186,31,58,GIS,USB,GIS-USB,1.0381607630198284,True,3934
1187,31,51,GIS,USB,GIS-USB,0.9792797874745578,False,4000
1188,31,76,KMB,MET,KMB-MET,0.95,False,3959
1189,31,3,KMB,GIS,KMB-GIS,1.0165191139373646,True,3891
1190,31,4,KMB,GIS,KMB-GIS,1.0247865910165705,True,3922
1191,31,4,KMB,GIS,KMB-GIS,1.0447815939786755,True,3981
1192,31,9,KMB,GIS,KMB-GIS,1.0046450858520963,False,4000
1193,31,3,EIX,TE,EIX-TE,1.019957017856918,True,3887
1194,31,19,EIX,TE,EIX-TE,0.95,False,3917
1195,31,21,1255173D,FITB,1255173D-FITB,0.95,False,3975
1196,31,25,XL,CB,XL-CB,1.0374120441338894,True,3901
1197,31,7,XL,CB,XL-CB,1.0320527930275236,True,3925
1198,31,46,XL,CB,XL-CB,0.9623112165804938,False,4000
1199,32,9,LNC,MET,LNC-MET,0.95,False,4020
1200,32,5,K,TMK,K-TMK,1.0238634763448025,True,4004
1201,32,8,K,TMK,K-TMK,0.95,False,4022
1202,32,9,PG,MKC,PG-MKC,0.95,False,4018
1203,32,14,BBT,AEE,BBT-AEE,1.0335633380430365,True,4023
1204,32,6,BBT,AEE,BBT-AEE,1.024090805609087,True,4031
1205,32,3,BBT,AEE,BBT-AEE,1.0229917434386726,True,4038
1206,32,33,BBT,AEE,BBT-AEE,0.95,False,4071
1207,32,5,JNJ,BAC,JNJ-BAC,1.028602397961376,True,4009
1208,32,4,JNJ,BAC,JNJ-BAC,1.0333124448730016,True,4017
1209,32,3,JNJ,BAC,JNJ-BAC,1.0291347621885663,True,4025
1210,32,8,JNJ,BAC,JNJ-BAC,1.0351235529137537,True,4039
1211,32,5,JNJ,BAC,JNJ-BAC,1.0157170737805792,True,4063
1212,32,11,JNJ,BAC,JNJ-BAC,0.95,False,4085
1213,32,5,1255173D,KEY,1255173D-KEY,0.95,False,4013
1214,32,11,1255173D,KEY,1255173D-KEY,1.0203173086989004,True,4069
1215,32,3,1255173D,KEY,1255173D-KEY,0.95,False,4074
1216,32,5,1255173D,KEY,1255173D-KEY,1.0250457206245835,True,4097
1217,32,9,1255173D,KEY,1255173D-KEY,0.95,False,4107
1218,33,5,ED,0961514D,ED-0961514D,1.0416736140914966,True,4130
1219,33,10,ED,0961514D,ED-0961514D,1.0241015196307592,True,4140
1220,33,14,ED,0961514D,ED-0961514D,1.0214663018537558,True,4157
1221,33,5,ED,0961514D,ED-0961514D,1.0158864590517755,True,4165
1222,33,8,ED,0961514D,ED-0961514D,1.0192098748632588,True,4189
1223,33,6,ED,0961514D,ED-0961514D,1.0230459745132157,True,4200
1224,33,20,ED,0961514D,ED-0961514D,0.9778153700964245,False,4250
1225,33,8,9876566D,CB,9876566D-CB,1.0408303469385032,True,4144
1226,33,25,9876566D,CB,9876566D-CB,1.0446826097126154,True,4177
1227,33,3,9876566D,CB,9876566D-CB,1.019576857495007,True,4186
1228,33,2,9876566D,CB,9876566D-CB,1.0446318059655268,True,4207
1229,33,2,9876566D,CB,9876566D-CB,1.0176730745369262,True,4249
1230,33,17,GIS,HNZ,GIS-HNZ,1.030129633662336,True,4143
1231,33,5,GIS,HNZ,GIS-HNZ,1.025181738640724,True,4182
1232,33,9,GIS,HNZ,GIS-HNZ,1.0173854160846756,True,4207
1233,33,5,GIS,HNZ,GIS-HNZ,1.0209780925639347,True,4227
1234,33,3,GIS,HNZ,GIS-HNZ,1.0296258723703204,True,4241
1235,33,4,GIS,HNZ,GIS-HNZ,1.0386138272203063,True,4249
1236,33,3,KMB,GIS,KMB-GIS,1.0399226717370693,True,4129
1237,33,28,KMB,GIS,KMB-GIS,0.95,False,4183
1238,33,12,BAC,BBT,BAC-BBT,1.138717750742134,True,4137
1239,33,6,BAC,BBT,BAC-BBT,1.0749114118180418,True,4145
1240,33,8,BAC,BBT,BAC-BBT,1.0416035170882636,True,4179
1241,33,13,BAC,BBT,BAC-BBT,0.95,False,4201
1242,33,2,BBT,MI,BBT-MI,0.95,False,4136
1243,34,47,ED,0961514D,ED-0961514D,1.0638295778360998,True,4296
1244,34,4,ED,0961514D,ED-0961514D,1.0182881574598177,True,4305
1245,34,19,ED,0961514D,ED-0961514D,0.95,False,4338
1246,34,4,FNMA,FMCC,FNMA-FMCC,0.95,False,4254
1247,34,12,D,PPL,D-PPL,1.0167385932340292,True,4263
1248,34,24,D,PPL,D-PPL,0.95,False,4288
1249,34,26,AEP,0961514D,AEP-0961514D,0.95,False,4275
1250,34,4,VZ,AEE,VZ-AEE,1.0286142045013218,True,4263
1251,34,4,VZ,AEE,VZ-AEE,1.0537740474350554,True,4267
1252,34,2,VZ,AEE,VZ-AEE,1.0345831979837736,True,4294
1253,34,4,VZ,AEE,VZ-AEE,1.0375938871117505,True,4300
1254,34,13,VZ,AEE,VZ-AEE,1.0564788677159296,True,4315
1255,34,10,VZ,AEE,VZ-AEE,1.137934278578327,True,4329
1256,34,17,VZ,AEE,VZ-AEE,1.1312445273783458,True,4347
1257,34,5,VZ,AEE,VZ-AEE,0.95,False,4353
1258,34,20,CVX,COP,CVX-COP,1.0549667704002432,True,4280
1259,34,25,CVX,COP,CVX-COP,0.95,False,4321
1260,34,20,AEP,ED,AEP-ED,0.95,False,4294
1261,35,17,EIX,PPL,EIX-PPL,1.0751911092312874,True,4423
1262,35,18,EIX,PPL,EIX-PPL,0.95,False,4464
1263,35,7,PCG,0961514D,PCG-0961514D,1.049496432134073,True,4385
1264,35,7,PCG,0961514D,PCG-0961514D,1.0434639864382704,True,4401
1265,35,4,PCG,0961514D,PCG-0961514D,0.95,False,4415
1266,35,35,XEL,0961514D,XEL-0961514D,0.95,False,4450
1267,35,31,XEL,PCG,XEL-PCG,1.0276660692818134,True,4407
1268,35,5,XEL,PCG,XEL-PCG,0.95,False,4416
1269,35,26,XEL,PCG,XEL-PCG,1.000736150441498,False,4500
1270,35,4,KO,MMM,KO-MMM,1.0441937798410157,True,4394
1271,35,9,KO,MMM,KO-MMM,0.95,False,4404
1272,35,7,KO,MMM,KO-MMM,0.95,False,4477
1273,35,7,PG,0961514D,PG-0961514D,0.95,False,4391
1274,35,12,PG,0961514D,PG-0961514D,0.95,False,4486
1275,36,32,MDT,SYK,MDT-SYK,0.95,False,4531
1276,36,22,L,SE,L-SE,1.0924527861493996,True,4521
1277,36,3,L,SE,L-SE,1.0476199181381627,True,4529
1278,36,4,L,SE,L-SE,1.0304414241398625,True,4601
1279,36,5,SWK,EFX,SWK-EFX,0.95,False,4511
1280,36,12,NBR,CHK,NBR-CHK,1.1218052449087041,True,4522
1281,36,11,NBR,CHK,NBR-CHK,0.95,False,4588
1282,36,4,HAL,NOV,HAL-NOV,0.95,False,4583
1283,36,9,HAL,NOV,HAL-NOV,1.0023210055912297,False,4627
1284,36,11,HAL,EP,HAL-EP,1.1051002893564261,True,4529
1285,36,9,HAL,EP,HAL-EP,0.95,False,4578
1286,36,19,HON,DOV,HON-DOV,1.0674109110492578,True,4518
1287,36,31,HON,DOV,HON-DOV,0.95,False,4590
1288,36,27,HAL,BJS,HAL-BJS,1.088615349899821,True,4527
1289,36,14,HAL,BJS,HAL-BJS,0.95,False,4554
1290,36,13,HAL,BJS,HAL-BJS,1.0435874682262025,True,4619
1291,37,5,XEL,PCG,XEL-PCG,1.027326979972199,True,4649
1292,37,55,XEL,PCG,XEL-PCG,1.0215999241617029,True,4712
1293,37,30,XEL,PCG,XEL-PCG,0.9884139531249925,False,4750
1294,37,85,JNJ,0961514D,JNJ-0961514D,1.0232244322477864,True,4714
1295,37,15,JNJ,0961514D,JNJ-0961514D,1.001665578627245,False,4750
1296,37,28,ED,WEC,ED-WEC,1.0272357444078934,True,4684
1297,37,29,ED,WEC,ED-WEC,1.0161009176231568,True,4722
1298,37,24,ED,WEC,ED-WEC,0.9725183388646614,False,4750
1299,37,2,ED,PCG,ED-PCG,1.0227201700035462,True,4635
1300,37,13,ED,PCG,ED-PCG,1.020870400098752,True,4657
1301,37,49,ED,PCG,ED-PCG,1.0322316640224167,True,4710
1302,37,30,ED,PCG,ED-PCG,0.9852843317693687,False,4750
1303,37,12,PG,WM,PG-WM,1.031475482685116,True,4639
1304,37,22,PG,WM,PG-WM,1.025165837868103,True,4711
1305,37,10,XEL,ED,XEL-ED,1.0413030751525112,True,4639
1306,37,5,XEL,WEC,XEL-WEC,1.0244752412177331,True,4634
1307,37,13,XEL,WEC,XEL-WEC,1.0320359789473372,True,4661
1308,37,13,XEL,WEC,XEL-WEC,1.027489167974609,True,4684
1309,37,54,XEL,WEC,XEL-WEC,0.9776968555404134,False,4750
1310,37,12,K,CL,K-CL,1.0383412339759386,True,4648
1311,37,20,K,CL,K-CL,1.023726065426335,True,4680
1312,37,13,K,CL,K-CL,1.0194869318958146,True,4697
1313,37,3,K,CL,K-CL,1.0340510012648798,True,4706
1314,37,21,K,CL,K-CL,1.0294334891729993,True,4743
1315,38,6,XEL,SCG,XEL-SCG,1.0326578262031,True,4777
1316,38,9,CMS,PNW,CMS-PNW,1.0248237228138257,True,4758
1317,38,3,CMS,PNW,CMS-PNW,1.0554636252843477,True,4774
1318,38,43,CMS,PNW,CMS-PNW,0.95,False,4817
1319,38,32,SO,0961514D,SO-0961514D,0.9898257373846377,False,4877
1320,38,37,T,EIX,T-EIX,0.95,False,4809
1321,38,4,T,EIX,T-EIX,1.0290325635517594,True,4861
1322,38,17,ADP,1255459D,ADP-1255459D,0.95,False,4766
1323,38,12,ETR,AEE,ETR-AEE,1.047448999941896,True,4761
1324,38,13,ETR,AEE,ETR-AEE,0.95,False,4779
1325,38,33,0111145D,WM,0111145D-WM,1.0280071563084103,True,4784
1326,38,18,0111145D,WM,0111145D-WM,1.0213620132363879,True,4803
1327,38,27,0111145D,WM,0111145D-WM,0.95,False,4835
1328,38,4,0111145D,WM,0111145D-WM,0.95,False,4859
1329,38,14,MCD,MKC,MCD-MKC,1.0234863996071386,True,4766
1330,38,60,MCD,MKC,MCD-MKC,1.0378008201351736,True,4833
1331,38,16,MCD,MKC,MCD-MKC,1.0306800491052004,True,4856
1332,38,16,MCD,MKC,MCD-MKC,0.9813813122939157,False,4877
1333,38,6,AEP,ED,AEP-ED,1.022303441117033,True,4827
1334,38,40,AEP,ED,AEP-ED,0.9826934290924914,False,4877
1335,38,3,T,AEE,T-AEE,1.0418558972962448,True,4782
1336,38,13,T,AEE,T-AEE,1.0330108024825708,True,4797
1337,38,11,T,AEE,T-AEE,1.0215241810470819,True,4856
1338,38,2,T,AEE,T-AEE,1.002575815099734,False,4877
1339,39,9,SO,WEC,SO-WEC,1.0140569883971378,True,4898
1340,39,4,SO,WEC,SO-WEC,1.0246561542055201,True,4904
1341,39,31,SO,WEC,SO-WEC,1.0195184457130957,True,4949
1342,39,9,SO,WEC,SO-WEC,1.018035675707704,True,4962
1343,39,9,TE,SCG,TE-SCG,1.0199600942511806,True,4885
1344,39,4,TE,SCG,TE-SCG,1.0443742228957635,True,4904
1345,39,31,TE,SCG,TE-SCG,0.95,False,4935
1346,39,6,XEL,SCG,XEL-SCG,1.0212928601386617,True,4882
1347,39,6,XEL,SCG,XEL-SCG,1.0102203692387541,True,4903
1348,39,87,XEL,SCG,XEL-SCG,0.95,False,4990
1349,39,39,ED,0961514D,ED-0961514D,1.025013830183949,True,4927
1350,39,25,ED,0961514D,ED-0961514D,1.0199818091430994,True,4962
1351,39,4,ED,0961514D,ED-0961514D,1.0151651175115093,True,4972
1352,39,7,ED,TE,ED-TE,1.0171856964916386,True,4887
1353,39,8,ED,TE,ED-TE,1.029019523898139,True,4902
1354,39,4,ED,TE,ED-TE,1.0214451566179819,True,4911
1355,39,30,ED,TE,ED-TE,1.0248637819138118,True,4965
1356,39,6,EIX,IBM,EIX-IBM,0.95,False,4890
1357,39,9,ED,SCG,ED-SCG,1.04964242557519,True,4904
1358,39,4,ED,SCG,ED-SCG,1.0197145906617746,True,4908
1359,39,61,ED,SCG,ED-SCG,0.95,False,4971
1360,39,9,JNJ,WMT,JNJ-WMT,0.95,False,4891
1361,39,29,JNJ,WMT,JNJ-WMT,1.0379126293136796,True,4950
1362,39,14,JNJ,WMT,JNJ-WMT,0.95,False,4988
1363,40,9,ED,PNW,ED-PNW,0.95,False,5024
1364,40,40,0961514D,PNW,0961514D-PNW,0.95,False,5056
1365,40,25,XEL,SO,XEL-SO,0.95,False,5025
1366,40,35,ED,0961514D,ED-0961514D,1.0506513846750465,True,5058
1367,40,7,ED,0961514D,ED-0961514D,1.0194090904776103,True,5116
1368,40,9,ED,WEC,ED-WEC,0.95,False,5027
1369,40,3,PNW,WEC,PNW-WEC,1.0180129206096376,True,5026
1370,40,12,PNW,WEC,PNW-WEC,1.0215227197095178,True,5038
1371,40,4,PNW,WEC,PNW-WEC,1.0166668252771631,True,5065
1372,40,4,PNW,WEC,PNW-WEC,1.0175322429455647,True,5070
1373,40,6,PNW,WEC,PNW-WEC,1.0157830787853246,True,5092
1374,40,4,PNW,WEC,PNW-WEC,1.0230388164739779,True,5102
1375,40,3,PNW,WEC,PNW-WEC,1.012598115419053,True,5107
1376,40,33,HNZ,MDLZ,HNZ-MDLZ,1.025032146163688,True,5033
1377,40,72,HNZ,MDLZ,HNZ-MDLZ,0.95,False,5107
1378,40,23,ED,SO,ED-SO,1.0155008981665303,True,5023
1379,40,2,ED,SO,ED-SO,1.0150618060558603,True,5025
1380,40,101,ED,SO,ED-SO,0.9988270322901377,False,5127
1381,40,6,LLY,PEP,LLY-PEP,0.95,False,5013
1382,41,66,CMS,PNW,CMS-PNW,1.0169482198787467,True,5233
1383,41,17,PNW,WEC,PNW-WEC,1.020224706051331,True,5143
1384,41,4,PNW,WEC,PNW-WEC,1.0133618171368375,True,5151
1385,41,62,PNW,WEC,PNW-WEC,0.95,False,5216
1386,41,11,TEG,POM,TEG-POM,1.016112511848862,True,5145
1387,41,45,TEG,POM,TEG-POM,0.95,False,5205
1388,41,38,NEE,POM,NEE-POM,0.95,False,5180
1389,41,33,ABT,MDLZ,ABT-MDLZ,1.0182965510107926,True,5162
1390,41,71,ABT,MDLZ,ABT-MDLZ,0.95,False,5247
1391,41,12,9876566D,CB,9876566D-CB,1.0197781962575814,True,5138
1392,41,29,9876566D,CB,9876566D-CB,1.0197668282690655,True,5174
1393,41,9,9876566D,CB,9876566D-CB,1.016500660503068,True,5189
1394,41,22,9876566D,CB,9876566D-CB,1.0084376722918957,False,5251
1395,41,8,CMS,WEC,CMS-WEC,1.019036094493661,True,5134
1396,41,3,CMS,WEC,CMS-WEC,1.0106283274871368,True,5151
1397,41,25,CMS,WEC,CMS-WEC,1.0135265192084923,True,5182
1398,41,64,CMS,WEC,CMS-WEC,0.95,False,5247
1399,41,38,KMB,WEC,KMB-WEC,1.02260101815109,True,5178
1400,41,11,KMB,WEC,KMB-WEC,1.0213212982982738,True,5239
1401,41,5,KMB,WEC,KMB-WEC,1.011828757418517,False,5251
1402,42,48,CMS,WEC,CMS-WEC,1.0436442923024598,True,5298
1403,42,11,CMS,WEC,CMS-WEC,1.0212613743509915,True,5341
1404,42,30,CMS,WEC,CMS-WEC,0.9633282556064167,False,5375
1405,42,47,ED,SO,ED-SO,1.007478229457465,False,5375
1406,42,124,VTR,HCN,VTR-HCN,1.0260496516808915,False,5375
1407,42,9,SO,AEE,SO-AEE,1.0175090661791026,True,5286
1408,42,27,SO,AEE,SO-AEE,1.051159748217365,True,5368
1409,42,8,NEE,MKC,NEE-MKC,1.0189475380301416,True,5258
1410,42,4,NEE,MKC,NEE-MKC,1.0182043369695717,True,5276
1411,42,25,NEE,MKC,NEE-MKC,1.0282990048667144,True,5311
1412,42,8,NEE,MKC,NEE-MKC,0.95,False,5344
1413,42,88,XEL,CMS,XEL-CMS,0.95,False,5345
1414,43,3,XEL,D,XEL-D,1.0131404093725533,True,5378
1415,43,93,XEL,D,XEL-D,1.0163892050416827,True,5478
1416,43,8,XEL,D,XEL-D,0.9734326059845865,False,5498
1417,43,25,BDX,SYK,BDX-SYK,1.0260463591276705,True,5409
1418,43,14,BDX,SYK,BDX-SYK,1.0179594988623177,True,5424
1419,43,65,BDX,SYK,BDX-SYK,0.95,False,5495
1420,43,80,XEL,SO,XEL-SO,0.95,False,5454
1421,43,86,ED,AEE,ED-AEE,0.95,False,5465
1422,43,82,D,PEG,D-PEG,1.0288972255056703,True,5456
1423,43,39,D,PEG,D-PEG,0.9821027016944797,False,5498
1424,44,13,POM,ES,POM-ES,0.95,False,5510
1425,44,3,XEL,PEG,XEL-PEG,1.0168522081567757,True,5517
1426,44,28,XEL,PEG,XEL-PEG,0.95,False,5552
1427,44,118,MO,RAI,MO-RAI,1.045132469648829,True,5615
1428,44,32,PEG,SCG,PEG-SCG,1.0153454437916478,True,5529
1429,44,21,PEG,SCG,PEG-SCG,0.95,False,5562
1430,44,44,XEL,TEG,XEL-TEG,1.0180197107987194,True,5541
1431,44,7,XEL,TEG,XEL-TEG,1.0217532401097855,True,5588
1432,44,122,XEL,WEC,XEL-WEC,0.9758225959872419,False,5625
1433,44,60,XEL,AEE,XEL-AEE,0.95,False,5557
1434,44,15,PEG,AEE,PEG-AEE,1.03177585180425,True,5512
1435,44,8,PEG,AEE,PEG-AEE,1.0150013469806172,True,5525
1436,44,8,PEG,AEE,PEG-AEE,1.01719965062492,True,5566
1437,44,43,PEG,AEE,PEG-AEE,0.95,False,5617
1438,45,104,CMS,WEC,CMS-WEC,1.0175671016195742,True,5728
1439,45,2,CMS,WEC,CMS-WEC,1.016354259112823,True,5743
1440,45,73,XEL,ES,XEL-ES,1.0342143033634068,True,5697
1441,45,37,XEL,ES,XEL-ES,1.0091184196037777,True,5741
1442,45,20,T,ED,T-ED,1.0477630449277582,True,5644
1443,45,21,T,ED,T-ED,1.0194807816486562,True,5675
1444,45,25,T,ED,T-ED,1.0535768829272358,True,5701
1445,45,12,T,ED,T-ED,0.95,False,5718
1446,45,17,EIX,ED,EIX-ED,0.95,False,5648
1447,45,80,PNW,ES,PNW-ES,0.95,False,5704
1448,45,5,T,TE,T-TE,1.0189367782324454,True,5634
1449,45,4,T,TE,T-TE,1.0171522301063485,True,5639
1450,45,33,T,TE,T-TE,1.027388604647506,True,5677
1451,45,3,T,TE,T-TE,1.0272289147151528,True,5697
1452,45,8,T,TE,T-TE,1.0292246865064028,True,5707
1453,45,7,T,TE,T-TE,1.0251795461599829,True,5719
1454,45,11,T,TE,T-TE,0.9612717439481407,False,5748
1455,46,64,PG,WMT,PG-WMT,0.95,False,5832
1456,46,21,PG,WMT,PG-WMT,0.9989348403792596,False,5875
1457,46,4,XEL,CMS,XEL-CMS,1.0139154380230446,True,5765
1458,46,13,XEL,CMS,XEL-CMS,1.0110494551861533,True,5787
1459,46,14,XEL,CMS,XEL-CMS,1.0225081180182776,True,5820
1460,46,51,XEL,CMS,XEL-CMS,1.0048672704753656,False,5875
1461,46,48,CMS,ES,CMS-ES,1.011260480932576,True,5801
1462,46,16,CMS,ES,CMS-ES,1.0144931115204623,True,5820
1463,46,36,CMS,ES,CMS-ES,1.0113264817115861,True,5860
1464,46,55,SPG,MAC,SPG-MAC,1.0238538559094077,True,5821
1465,46,16,SPG,MAC,SPG-MAC,1.1187731971411214,True,5846
1466,46,14,SPG,MAC,SPG-MAC,0.95,False,5860
1467,46,52,XEL,ES,XEL-ES,1.0090128996746413,True,5801
1468,46,3,XEL,ES,XEL-ES,1.0093548950293663,True,5808
1469,46,8,XEL,ES,XEL-ES,1.0090499384930478,True,5843
1470,46,8,XEL,ES,XEL-ES,1.0078753986956719,True,5854
1471,46,17,XEL,ES,XEL-ES,0.9999470544178718,False,5875
1472,46,127,MTB,HCBK,MTB-HCBK,1.0082954578119605,False,5875
1473,46,6,CL,CB,CL-CB,1.0226984213179042,True,5762
1474,46,73,CL,CB,CL-CB,0.95,False,5849
1475,47,38,AEP,CMS,AEP-CMS,0.95,False,5925
1476,47,123,XEL,CMS,XEL-CMS,0.9882915822687895,False,5998
1477,47,6,K,GIS,K-GIS,1.0176971963941814,True,5889
1478,47,47,K,GIS,K-GIS,0.95,False,5948
1479,47,2,EQR,AVB,EQR-AVB,1.0092416808873037,True,5881
1480,47,94,EQR,AVB,EQR-AVB,1.0075759057458853,True,5981
1481,47,3,EQR,AVB,EQR-AVB,1.0114809939558684,True,5992
1482,47,26,CVS,ALL,CVS-ALL,0.95,False,5900
1483,47,105,ITW,CB,ITW-CB,0.956149376802855,False,5998
1484,47,112,VNO,BXP,VNO-BXP,0.9834199821506747,False,5998
1485,47,19,KIM,BXP,KIM-BXP,1.0282783322184852,True,5893
1486,47,56,KIM,BXP,KIM-BXP,0.95,False,5952
1487,48,107,GOOGL,GOOG,GOOGL-GOOG,1.035131304488448,True,6104
1488,48,3,GOOGL,GOOG,GOOGL-GOOG,1.009535518333336,True,6117
1489,48,3,GOOGL,GOOG,GOOGL-GOOG,1.0008212196853041,False,6124
1490,48,15,FITB,RF,FITB-RF,1.0158742975589405,True,6012
1491,48,3,FITB,RF,FITB-RF,1.0160006942882644,True,6022
1492,48,64,FITB,RF,FITB-RF,1.0157498269398648,True,6094
1493,48,22,FITB,RF,FITB-RF,0.9718304202969976,False,6124
1494,48,21,WEC,ES,WEC-ES,1.0184678658322197,True,6018
1495,48,68,WEC,ES,WEC-ES,1.0210457145317944,True,6090
1496,48,5,WEC,ES,WEC-ES,1.0223139719632968,True,6098
1497,48,12,WEC,ES,WEC-ES,0.9995819006141272,False,6124
1498,48,38,TE,ES,TE-ES,0.95,False,6044
1499,48,21,AIV,AVB,AIV-AVB,1.0232305653571498,True,6018
1500,48,58,AIV,AVB,AIV-AVB,0.95,False,6091
1501,48,21,AEP,AEE,AEP-AEE,1.02344320106137,True,6018
1502,48,62,AEP,AEE,AEP-AEE,1.0046861635209248,False,6124
1503,48,10,XEL,TE,XEL-TE,1.1474194082871845,True,6007
1504,48,37,XEL,TE,XEL-TE,0.95,False,6044
1505,48,126,XEL,ES,XEL-ES,1.0018025571517,False,6124
